Page filename,Approx. section/context,Element / tag / attribute source,Text string,Character count,Suggested feedback owner,Status,Teammate comments,Priority,Extraction note
index.html,Head metadata,title,FCG Group - Travel Infrastructure,33,,,,,
index.html,section - Connect to the supply infrastructure behind travel.,div,FCG Group,9,,,,,
index.html,section - Connect to the supply infrastructure behind travel.,h1,Connect to the supply infrastructure behind travel.,51,,,,,
index.html,section - Connect to the supply infrastructure behind travel.,p,"1M+ hotel properties. Every major airline. One connection to all of it. G-Link and F-Link give builders, TMCs, and corporate travel teams the live inventory and content layer behind every booking.",196,,,,,
index.html,section - Connect to the supply infrastructure behind travel.,button,Get connected,13,,,,,
index.html,section - Connect to the supply infrastructure behind travel.,span,NETWORK ACTIVE,14,,,,,
index.html,section - Connect to the supply infrastructure behind travel.,span,PROPERTIES: 1M+,15,,,,,
index.html,section - Connect to the supply infrastructure behind travel.,span,PARTNERS: 300+,14,,,,,
index.html,Navigation (shared),a[aria-label],FCG Group home,14,,,,,Shared sitewide copy; duplicate appearances omitted from later pages.
index.html,Navigation (shared),li,"Products For builders & platforms Connect API Access Connect to G-Link and F-Link directly AI Booking Tool Connect AI to live travel inventory For TMCs & operators Operate Atlas TMC OS Connect operational surfaces into one hub Agent Booking Tool Search and book every supplier in one flow For corporates & travel programs Experience Corporate Booking Tool Modern booking for managed travel programs AgreeEase AI hotel sourcing, RFPs, and rate workflows",452,,,,,Shared sitewide copy; duplicate appearances omitted from later pages.
index.html,Navigation (shared),li,"Solutions Whitelabel Launch with a ready-made travel platform Advisory & Implementation Plan, configure, and deploy the right stack AI Mapping Clean hotel, room, and supplier data",179,,,,,Shared sitewide copy; duplicate appearances omitted from later pages.
index.html,Navigation (shared),li,About,5,,,,,Shared sitewide copy; duplicate appearances omitted from later pages.
index.html,Navigation (shared),div,LIVE.NETWORK,12,,,,,Shared sitewide copy; duplicate appearances omitted from later pages.
index.html,Navigation (shared),label,MODE,4,,,,,Shared sitewide copy; duplicate appearances omitted from later pages.
index.html,Navigation (shared),a[aria-label],Open page sections,18,,,,,Shared sitewide copy; duplicate appearances omitted from later pages.
index.html,Body copy,span,CONNECTED ACROSS EVERY MARKET THAT MATTERS,42,,,,,
index.html,Body copy,span,SINGAPORE,9,,,,,
index.html,Body copy,span,HONG KONG,9,,,,,
index.html,Body copy,span,SHENZHEN,8,,,,,
index.html,Body copy,span,BEIJING,7,,,,,
index.html,Body copy,span,SHANGHAI,8,,,,,
index.html,Body copy,span,TAIPEI,6,,,,,
index.html,Body copy,span,KUALA LUMPUR,12,,,,,
index.html,Body copy,span,BANGKOK,7,,,,,
index.html,Body copy,span,HO CHI MINH,11,,,,,
index.html,Body copy,span,LONDON,6,,,,,
index.html,section #capabilities - The Core,h2,The Core,8,,,,,
index.html,section #capabilities - The Core,span,G-LINK_F-LINK,13,,,,,
index.html,section #capabilities - The Core,div,Multi-Source Aggregation,24,,,,,
index.html,section #capabilities - The Core,div,Properties,10,,,,,
index.html,section #capabilities - The Core,div,1M+ CONNECTED,13,,,,,
index.html,section #capabilities - The Core,div,SV_01,5,,,,,
index.html,section #capabilities - The Core,h3,G-Link: Hotel Supply,20,,,,,
index.html,section #capabilities - The Core,p,"The hardest problem in travel tech is content. G-Link resolves it. Connect to GDS, bedbanks, and direct sources through one clean feed with property identity, room types, images, amenities, descriptions, and policies already normalized.",236,,,,,
index.html,section #capabilities - The Core,span,Active,6,,,,,
index.html,section #capabilities - The Core,div,Fare Normalization,18,,,,,
index.html,section #capabilities - The Core,div,Sources,7,,,,,
index.html,section #capabilities - The Core,div,GDS + NDC + LCC,15,,,,,
index.html,section #capabilities - The Core,div,SV_02,5,,,,,
index.html,section #capabilities - The Core,h3,F-Link: Flight Supply,21,,,,,
index.html,section #capabilities - The Core,p,"NDC changed distribution. LCCs went direct. GDS content alone isn't enough anymore. F-Link connects GDS, NDC, and LCC direct into one standardized feed. Fare-family normalization. Ancillary management. Availability confidence. Full commercial control.",251,,,,,
index.html,section #capabilities - The Core,span,> compile_shaders(),19,,,,,
index.html,section #capabilities - The Core,span,> init_webgl_ctx(),18,,,,,
index.html,section #capabilities - The Core,span,> OK,4,,,,,
index.html,section #capabilities - The Core,div,Product Stack,13,,,,,
index.html,section #capabilities - The Core,div,3 FAMILIES,10,,,,,
index.html,section #capabilities - The Core,div,Architecture,12,,,,,
index.html,section #capabilities - The Core,div,MODULAR,7,,,,,
index.html,section #capabilities - The Core,div,SV_03,5,,,,,
index.html,section #capabilities - The Core,h3,Connect · Operate · Experience,30,,,,,
index.html,section #capabilities - The Core,p,"Three product families for three operating needs: build a product, run a travel company, or manage a corporate program. Every tool connects back to G-Link, F-Link, Akrapay, AI Mapping, and the same operational data layer.",221,,,,,
index.html,section #capabilities - The Core,span,Processing,10,,,,,
index.html,section - The Connection at a Glance,h2,The Connection at a Glance,26,,,,,
index.html,section - The Connection at a Glance,p,"300+ travel brands , TMCs, and hotel groups already connected. Real-time inventory, commercial-ready supply, and infrastructure that scales.",140,,,,,
index.html,section - The Connection at a Glance,span,Live Network,12,,,,,
index.html,section - The Connection at a Glance,h3,Connected Volume,16,,,,,
index.html,section - The Connection at a Glance,div,FLOWING THROUGH,15,,,,,
index.html,section - The Connection at a Glance,div,$500M+,6,,,,,
index.html,section - The Connection at a Glance,div,PARTNERS,8,,,,,
index.html,section - The Connection at a Glance,div,300+,4,,,,,
index.html,section - The Connection at a Glance,div,IN-HOUSE,8,,,,,
index.html,section - The Connection at a Glance,div,L3,2,,,,,
index.html,section - The Connection at a Glance,div,L2,2,,,,,
index.html,section - The Connection at a Glance,div,L1,2,,,,,
index.html,section - The Connection at a Glance,h3,Supply Layer,12,,,,,
index.html,section - The Connection at a Glance,span,G-LINK_HOTEL,12,,,,,
index.html,section - The Connection at a Glance,span,OK,2,,,,,
index.html,section - The Connection at a Glance,span,F-LINK_FLIGHT,13,,,,,
index.html,section - The Connection at a Glance,div,99.99,5,,,,,
index.html,section - The Connection at a Glance,h3,Network Uptime,14,,,,,
index.html,section - The Connection at a Glance,h3,Live Rates,10,,,,,
index.html,section - The Connection at a Glance,h3,Connected Across Every Market That Matters,42,,,,,
index.html,section - The Connection at a Glance,p,Asia-native. Globally connected. 10 offices across Asia-Pacific and London.,75,,,,,
index.html,section - The Connection at a Glance,div,10,2,,,,,
index.html,section - The Connection at a Glance,div,Offices,7,,,,,
index.html,section - The Connection at a Glance,div,300,3,,,,,
index.html,section - The Connection at a Glance,div,Partners Connected,18,,,,,
index.html,Body copy,span,The Stack,9,,,,,
index.html,Body copy,span,01,2,,,,,
index.html,Body copy,h3,Corporate Booking Tool,22,,,,,
index.html,Body copy,p,"Connect travelers to a modern booking experience. Mobile-first, self-service, and policy controlled at the point of booking. Better tools drive better adoption.",160,,,,,
index.html,Body copy,span,Family,6,,,,,
index.html,Body copy,span,EXPERIENCE,10,,,,,
index.html,Body copy,span,02,2,,,,,
index.html,Body copy,h3,Agent Booking Tool,18,,,,,
index.html,Body copy,p,"Connect agents to every supplier in one search. Flights, hotels, rail, and ground transport through G-Link and F-Link. Negotiated rates surface at point of booking , not in a spreadsheet nobody opens.",200,,,,,
index.html,Body copy,span,OPERATE,7,,,,,
index.html,Body copy,span,03,2,,,,,
index.html,Body copy,h3,Atlas: TMC Operating System,27,,,,,
index.html,Body copy,p,"Connect every operational surface into one hub. Clients, queues, ticketing, duty of care, and reporting work from the same system. Teams move faster with less screen switching and less hidden operational knowledge.",214,,,,,
index.html,Body copy,span,04,2,,,,,
index.html,Body copy,h3,G-Link: Connect to Hotel Supply,31,,,,,
index.html,Body copy,p,"Duplicate properties. Mismatched room types. Stale rates from six different sources. G-Link resolves all of it into one clean, deduplicated, bookable feed. Property-level and room-level deduplication. Negotiated-rate layering per client.",237,,,,,
index.html,Body copy,span,Layer,5,,,,,
index.html,Body copy,span,SUPPLY / HOTEL,14,,,,,
index.html,Body copy,span,05,2,,,,,
index.html,Body copy,h3,F-Link: Connect to Flight Supply,32,,,,,
index.html,Body copy,p,NDC changed distribution. LCCs went direct. GDS content alone isn't enough anymore. F-Link connects it all into one standardized feed. Fare-family normalization. Ancillary management. PNR reconciliation. Policy-aware filtering at the supply layer.,247,,,,,
index.html,Body copy,span,SUPPLY / FLIGHT,15,,,,,
index.html,section - Open connections vs. closed platforms.,div,Connected Network,17,,,,,
index.html,section - Open connections vs. closed platforms.,h2,Open connections vs. closed platforms.,38,,,,,
index.html,section - Open connections vs. closed platforms.,p,"Connect to one piece or the whole stack. Keep your existing systems where they work. The inventory stays constant, and the connection stays flexible.",149,,,,,
index.html,section - Open connections vs. closed platforms.,span,99.9%,5,,,,,
index.html,header - The inventory that everything connects to.,div,300+ Partners Connected,23,,,,,
index.html,header - The inventory that everything connects to.,h1,The inventory that everything connects to.,42,,,,,
index.html,header - The inventory that everything connects to.,p,"G-Link and F-Link are the inventory and content layer behind every booking for builders, TMCs, and corporate travel programs.",125,,,,,
index.html,main - The inventory that everything connects to.,h3,G-Link & F-Link,15,,,,,
index.html,main - The inventory that everything connects to.,p,One connection to 1M+ hotel properties and every major airline . The supply layer everything connects to.,105,,,,,
index.html,main - The inventory that everything connects to.,h3,Deduplicated Content,20,,,,,
index.html,main - The inventory that everything connects to.,p,Property-level and room-level deduplication. Clean content. Accurate rates. Not three listings for the same hotel.,114,,,,,
index.html,main - The inventory that everything connects to.,h3,Commercially Connected,22,,,,,
index.html,main - The inventory that everything connects to.,p,Negotiated rates layered per client. Markup and remit logic built into the supply layer. Rates flow from negotiation to booking automatically.,142,,,,,
index.html,main - The inventory that everything connects to.,span,Active,6,,,,,
index.html,main - The inventory that everything connects to.,h3,Connect,7,,,,,
index.html,main - The inventory that everything connects to.,p,"API, AI Booking, Whitelabel. For builders & platforms.",54,,,,,
index.html,main - The inventory that everything connects to.,span,Coverage,8,,,,,
index.html,main - The inventory that everything connects to.,span,99.9%,5,,,,,
index.html,main - The inventory that everything connects to.,h3,Operate,7,,,,,
index.html,main - The inventory that everything connects to.,p,"Atlas, Agent Booking, Advisory. For TMCs & operators.",53,,,,,
index.html,main - The inventory that everything connects to.,span,Live,4,,,,,
index.html,main - The inventory that everything connects to.,h3,Experience,10,,,,,
index.html,main - The inventory that everything connects to.,p,"Corporate Booking, AgreeEase, AI Mapping. For corporates.",57,,,,,
index.html,main - The inventory that everything connects to.,span,Latency,7,,,,,
index.html,main - The inventory that everything connects to.,span,12,2,,,,,
index.html,main - The inventory that everything connects to.,span,ms,2,,,,,
index.html,Footer (shared),div,Get Started,11,,,,,Shared sitewide copy; duplicate appearances omitted from later pages.
index.html,Footer (shared),h2,> Ready to modernize?,21,,,,,Shared sitewide copy; duplicate appearances omitted from later pages.
index.html,Footer (shared),p,"Address supplier fragmentation, rate complexity, and legacy infrastructure one module at a time. No full system replacement. No multi-year migrations.",150,,,,,Shared sitewide copy; duplicate appearances omitted from later pages.
index.html,Footer (shared),button,Book a demo,11,,,,,Shared sitewide copy; duplicate appearances omitted from later pages.
index.html,Footer (shared),button,Schedule a Call,15,,,,,Shared sitewide copy; duplicate appearances omitted from later pages.
index.html,Footer (shared),p,TRAVEL_INFRASTRUCTURE,21,,,,,Shared sitewide copy; duplicate appearances omitted from later pages.
index.html,Footer (shared),span,Platform,8,,,,,Shared sitewide copy; duplicate appearances omitted from later pages.
index.html,Footer (shared),a,API Access,10,,,,,Shared sitewide copy; duplicate appearances omitted from later pages.
index.html,Footer (shared),a,AI Booking Tool,15,,,,,Shared sitewide copy; duplicate appearances omitted from later pages.
index.html,Footer (shared),a,Atlas TMC OS,12,,,,,Shared sitewide copy; duplicate appearances omitted from later pages.
index.html,Footer (shared),a,Agent Booking Tool,18,,,,,Shared sitewide copy; duplicate appearances omitted from later pages.
index.html,Footer (shared),a,Corporate Booking Tool,22,,,,,Shared sitewide copy; duplicate appearances omitted from later pages.
index.html,Footer (shared),a,AgreeEase,9,,,,,Shared sitewide copy; duplicate appearances omitted from later pages.
index.html,Footer (shared),span,Solutions,9,,,,,Shared sitewide copy; duplicate appearances omitted from later pages.
index.html,Footer (shared),a,Whitelabel,10,,,,,Shared sitewide copy; duplicate appearances omitted from later pages.
index.html,Footer (shared),a,Advisory & Implementation,25,,,,,Shared sitewide copy; duplicate appearances omitted from later pages.
index.html,Footer (shared),a,AI Mapping,10,,,,,Shared sitewide copy; duplicate appearances omitted from later pages.
index.html,Footer (shared),span,Company,7,,,,,Shared sitewide copy; duplicate appearances omitted from later pages.
index.html,Footer (shared),a,About,5,,,,,Shared sitewide copy; duplicate appearances omitted from later pages.
index.html,Footer (shared),a,Contact,7,,,,,Shared sitewide copy; duplicate appearances omitted from later pages.
index.html,Footer (shared),span,Connect,7,,,,,Shared sitewide copy; duplicate appearances omitted from later pages.
index.html,Footer (shared),a,Privacy Policy,14,,,,,Shared sitewide copy; duplicate appearances omitted from later pages.
index.html,Footer (shared),a,Terms of Service,16,,,,,Shared sitewide copy; duplicate appearances omitted from later pages.
index.html,Footer (shared),span,© 2026 FCG Group. All rights reserved.,38,,,,,Shared sitewide copy; duplicate appearances omitted from later pages.
about.html,Head metadata,title,About FCG Group - Travel Infrastructure Story,45,,,,,
about.html,section #capabilities - The infrastructure behind how travel actually works,h1,The infrastructure behind how travel actually works,51,,,,,
about.html,section #capabilities - The infrastructure behind how travel actually works,p,"FCG Group builds the supply, booking, payment, data quality, AI workflow, and operating infrastructure that travel companies connect to. From hotel sourcing and rate management to agent tools, corporate booking, reconciliation, and clean content, we handle the layers that make everything else possible. Asia-native. Globally connected. Est. 2013.",347,,,,,
about.html,section #capabilities - The infrastructure behind how travel actually works,p,"Built by operators, for operators",33,,,,,
about.html,section #capabilities - The infrastructure behind how travel actually works,p,"FCG started inside a working TMC, not a venture studio. Every product traces back to a real operational problem: fragmented supply, disconnected tools, manual rate workflows, payment and reconciliation friction, data quality gaps, and the gap between what corporate clients expect and what most travel companies can deliver.",324,,,,,
about.html,section #capabilities - The infrastructure behind how travel actually works,a,Discover more,13,,,,,
about.html,section #capabilities - The infrastructure behind how travel actually works,p,"300+ travel brands, TMCs, and hotel groups. Already connected.",62,,,,,
about.html,section #capabilities - The infrastructure behind how travel actually works,img[alt],Arc,3,,,,,UX/accessibility attribute
about.html,section #capabilities - The infrastructure behind how travel actually works,img[alt],Descript,8,,,,,UX/accessibility attribute
about.html,section #capabilities - The infrastructure behind how travel actually works,img[alt],Mercury,7,,,,,UX/accessibility attribute
about.html,section #capabilities - The infrastructure behind how travel actually works,img[alt],Ramp,4,,,,,UX/accessibility attribute
about.html,section #capabilities - The infrastructure behind how travel actually works,img[alt],Retool,6,,,,,UX/accessibility attribute
about.html,section #capabilities - The infrastructure behind how travel actually works,img[alt],Watershed,9,,,,,UX/accessibility attribute
about.html,section #capabilities - The infrastructure behind how travel actually works,h2,Scale that earns the claim,26,,,,,
about.html,section #capabilities - The infrastructure behind how travel actually works,p,"These are not projections. This is infrastructure in production: supply flowing, bookings clearing, payments reconciling, data standardizing, and operations running across Asia-Pacific and beyond.",196,,,,,
about.html,section #capabilities - The infrastructure behind how travel actually works,p,Properties Connected,20,,,,,
about.html,section #capabilities - The infrastructure behind how travel actually works,span,1M+,3,,,,,
about.html,section #capabilities - The infrastructure behind how travel actually works,p,Annual Volume,13,,,,,
about.html,section #capabilities - The infrastructure behind how travel actually works,span,$500M+,6,,,,,
about.html,section #capabilities - The infrastructure behind how travel actually works,p,Brands Connected,16,,,,,
about.html,section #capabilities - The infrastructure behind how travel actually works,span,300+,4,,,,,
about.html,section #capabilities - The infrastructure behind how travel actually works,p,Offices Across APAC & London,28,,,,,
about.html,section #capabilities - The infrastructure behind how travel actually works,span,10,2,,,,,
about.html,section #about-ecosystem - Asia-native. Globally connected.,img[alt],Abstract platform interface gradient,36,,,,,UX/accessibility attribute
about.html,section #about-ecosystem - Asia-native. Globally connected.,img[alt],Abstract dark gradient card image,33,,,,,UX/accessibility attribute
about.html,section #about-ecosystem - Asia-native. Globally connected.,h3,Asia-native. Globally connected.,32,,,,,
about.html,section #about-ecosystem - Asia-native. Globally connected.,p,"Founded in 2013, headquartered in Singapore, with offices across Hong Kong, Shenzhen, Beijing, Shanghai, Taipei, Kuala Lumpur, Bangkok, Ho Chi Minh City, and London. Real supply depth where it matters, built for the region and connected globally.",246,,,,,
about.html,section #about-ecosystem - Asia-native. Globally connected.,a,Learn More,10,,,,,
about.html,section #about-ecosystem - Asia-native. Globally connected.,img[alt],Abstract gradient supporting card,33,,,,,UX/accessibility attribute
about.html,section #about-ecosystem - Asia-native. Globally connected.,h3,"Open connections, not locked platforms",38,,,,,
about.html,section #about-ecosystem - Asia-native. Globally connected.,p,"Connect to one product or the whole stack. Layer by layer or end to end. The supply stays constant, the connection stays flexible, and FCG does not compete with its customers.",175,,,,,
about.html,"section .feature-accordion-section - Asia-Native, Globally-Ready",section[aria-label],Office locations,16,,,,,UX/accessibility attribute
about.html,"section .feature-accordion-section - Asia-Native, Globally-Ready",h2,"Asia-Native, Globally-Ready",27,,,,,
about.html,"section .feature-accordion-section - Asia-Native, Globally-Ready",p,Built in the region with the world's fastest-growing business travel market. Real supply depth across APAC. Multi-language operations. Understanding of regulatory and currency complexity that breaks single-region platforms.,223,,,,,
about.html,"section .feature-accordion-section - Asia-Native, Globally-Ready",button,Singapore (SIN),15,,,,,
about.html,"section .feature-accordion-section - Asia-Native, Globally-Ready",img[alt],Singapore city placeholder,26,,,,,UX/accessibility attribute
about.html,"section .feature-accordion-section - Asia-Native, Globally-Ready",span,Office Location,15,,,,,
about.html,"section .feature-accordion-section - Asia-Native, Globally-Ready",h3,"138 Robinson Road, Oxley Tower, 28-04, Singapore",48,,,,,
about.html,"section .feature-accordion-section - Asia-Native, Globally-Ready",p,Singapore office for regional travel infrastructure and operator support.,73,,,,,
about.html,"section .feature-accordion-section - Asia-Native, Globally-Ready",button,Hong Kong (HKG),15,,,,,
about.html,"section .feature-accordion-section - Asia-Native, Globally-Ready",img[alt],Hong Kong city placeholder,26,,,,,UX/accessibility attribute
about.html,"section .feature-accordion-section - Asia-Native, Globally-Ready",h3,"Unit 4813, 48/F, The Center, 99 Queen's Road Central, Central, Hong Kong",72,,,,,
about.html,"section .feature-accordion-section - Asia-Native, Globally-Ready",p,Hong Kong office for commercial relationships and cross-market operations.,74,,,,,
about.html,"section .feature-accordion-section - Asia-Native, Globally-Ready",button,Malaysia (KUL),14,,,,,
about.html,"section .feature-accordion-section - Asia-Native, Globally-Ready",img[alt],Kuala Lumpur city placeholder,29,,,,,UX/accessibility attribute
about.html,"section .feature-accordion-section - Asia-Native, Globally-Ready",h3,"The Ascent Paradigm, Level 21, No. 1, SS7/26A, 47301, Kuala Lumpur",66,,,,,
about.html,"section .feature-accordion-section - Asia-Native, Globally-Ready",p,Malaysia office for Southeast Asia service delivery and partner coordination.,77,,,,,
about.html,"section .feature-accordion-section - Asia-Native, Globally-Ready",button,"Suzhou, China (SZV)",19,,,,,
about.html,"section .feature-accordion-section - Asia-Native, Globally-Ready",img[alt],Suzhou city placeholder,23,,,,,UX/accessibility attribute
about.html,"section .feature-accordion-section - Asia-Native, Globally-Ready",h3,"No. 381 Suzhou Avenue East, Shanglü Building, Room 508, Suzhou Industrial Park, Suzhou City, Jiangsu Province, People's Republic of China",137,,,,,
about.html,"section .feature-accordion-section - Asia-Native, Globally-Ready",p,"Suzhou office for China market coverage, partner support, and local coordination.",81,,,,,
about.html,"section .feature-accordion-section - Asia-Native, Globally-Ready",button,"Shenzhen, China (SZX)",21,,,,,
about.html,"section .feature-accordion-section - Asia-Native, Globally-Ready",img[alt],Shenzhen city placeholder,25,,,,,UX/accessibility attribute
about.html,"section .feature-accordion-section - Asia-Native, Globally-Ready",h3,"No. 51 Meilong Avenue, Minzhi Street, Baoshan Times Building Room 2016, Longhua District, Shenzhen City, Guangdong Province, People's Republic of China",151,,,,,
about.html,"section .feature-accordion-section - Asia-Native, Globally-Ready",p,Shenzhen office supporting technology delivery and supplier connectivity.,73,,,,,
about.html,"section .feature-accordion-section - Asia-Native, Globally-Ready",button,Taiwan (TPE),12,,,,,
about.html,"section .feature-accordion-section - Asia-Native, Globally-Ready",img[alt],Taipei city placeholder,23,,,,,UX/accessibility attribute
about.html,"section .feature-accordion-section - Asia-Native, Globally-Ready",h3,"Section 4 Ren'ai Road, No. 33, 11 Floor, Room 1, Taipei City, Taiwan",68,,,,,
about.html,"section .feature-accordion-section - Asia-Native, Globally-Ready",p,Taiwan office for local operations and customer support coverage.,65,,,,,
about.html,"section .feature-accordion-section - Asia-Native, Globally-Ready",button,"Bangkok, Thailand (BKK)",23,,,,,
about.html,"section .feature-accordion-section - Asia-Native, Globally-Ready",img[alt],Bangkok city placeholder,24,,,,,UX/accessibility attribute
about.html,"section .feature-accordion-section - Asia-Native, Globally-Ready",h3,"8 T-One Building Unit 1, Floor 28, Soi Sukhumvit 40, Phra Kanong Sub-District, Klongtoey District, Bangkok 10110",112,,,,,
about.html,"section .feature-accordion-section - Asia-Native, Globally-Ready",p,"Bangkok office for regional operations, product localization, and customer support.",83,,,,,
about.html,"section .feature-accordion-section - Asia-Native, Globally-Ready",button,"Ho Chi Minh, Vietnam (SGN)",26,,,,,
about.html,"section .feature-accordion-section - Asia-Native, Globally-Ready",img[alt],Ho Chi Minh City placeholder,28,,,,,UX/accessibility attribute
about.html,"section .feature-accordion-section - Asia-Native, Globally-Ready",h3,"Lim Tower 3, 29A Nguyễn Đình Chiểu, Đa Kao, Quận 1, Hồ Chí Minh, Vietnam",72,,,,,
about.html,"section .feature-accordion-section - Asia-Native, Globally-Ready",p,Ho Chi Minh office for Vietnam market coverage and operational support.,71,,,,,
about.html,"section .feature-accordion-section - Asia-Native, Globally-Ready",button,"London, UK (LHR)",16,,,,,
about.html,"section .feature-accordion-section - Asia-Native, Globally-Ready",img[alt],London city placeholder,23,,,,,UX/accessibility attribute
about.html,"section .feature-accordion-section - Asia-Native, Globally-Ready",h3,"10 York Rd, London SE1 7ND, United Kingdom",42,,,,,
about.html,"section .feature-accordion-section - Asia-Native, Globally-Ready",p,London office for international relationships and global travel market support.,79,,,,,
atlas.html,Head metadata,title,Atlas - TMC Operating System | FCG Group,40,,,,,
atlas.html,section #capabilities - Run every TMC workflow from one hub.,div,TMC OS,6,,,,,
atlas.html,section #capabilities - Run every TMC workflow from one hub.,h1,Run every TMC workflow from one hub.,36,,,,,
atlas.html,section #capabilities - Run every TMC workflow from one hub.,p,"Atlas is the operating system for independent TMCs. It connects clients, queues, ticketing, duty of care, reporting, integrations, payment visibility, and service workflows in one infrastructure layer, so teams can modernize operations without giving up independence.",267,,,,,
atlas.html,section #capabilities - Run every TMC workflow from one hub.,a,See Atlas in action,19,,,,,
atlas.html,section #capabilities - Run every TMC workflow from one hub.,a,Explore modules,15,,,,,
atlas.html,section #capabilities - Run every TMC workflow from one hub.,img[alt],"Atlas TMC OS dashboard showing clients, tickets, bookings, incidents, and operational activity",94,,,,,UX/accessibility attribute
atlas.html,section #decision-paths - Three reasons TMC operators start an Atlas conversation.,div,Pain Points,11,,,,,
atlas.html,section #decision-paths - Three reasons TMC operators start an Atlas conversation.,h2,Three reasons TMC operators start an Atlas conversation.,56,,,,,
atlas.html,article .product-card - Operations don't scale,div,Pain 01,7,,,,,
atlas.html,article .product-card - Operations don't scale,h3,Operations don't scale,22,,,,,
atlas.html,article .product-card - Operations don't scale,p,"Every new client means more agent hours, more manual reporting, and more margin compression. Growth creates operational drag instead of leverage.",145,,,,,
atlas.html,article .product-card - Operations don't scale,div,Atlas module,12,,,,,
atlas.html,article .product-card - Operations don't scale,div,OpsHub + Reports,16,,,,,
atlas.html,article .product-card - Operations don't scale,p,"One connected surface for client CRM, booking pipeline, agent queues, and branded analytics eliminates weekend spreadsheet assembly.",132,,,,,
atlas.html,article .product-card - Agents toggle between six screens,div,Pain 02,7,,,,,
atlas.html,article .product-card - Agents toggle between six screens,h3,Agents toggle between six screens,33,,,,,
atlas.html,article .product-card - Agents toggle between six screens,p,"GDS terminals, CRM tabs, email inboxes, spreadsheets, duty of care PDFs, and supplier portals. Every booking requires context-switching across disconnected tools.",162,,,,,
atlas.html,article .product-card - Agents toggle between six screens,div,Atlas module,12,,,,,
atlas.html,article .product-card - Agents toggle between six screens,div,Inbox + FlowConnect,19,,,,,
atlas.html,article .product-card - Agents toggle between six screens,p,"Unified ticketing with SLA enforcement and an integration fabric connecting GDS, suppliers, finance, HR, and SSO into one workflow.",131,,,,,
atlas.html,article .product-card - Duty of care is a bolt-on PDF,div,Pain 03,7,,,,,
atlas.html,article .product-card - Duty of care is a bolt-on PDF,h3,Duty of care is a bolt-on PDF,29,,,,,
atlas.html,article .product-card - Duty of care is a bolt-on PDF,p,"Real-time traveler visibility doesn't exist. Incidents are discovered after the client complains. Risk management is reactive, not operational.",143,,,,,
atlas.html,article .product-card - Duty of care is a bolt-on PDF,div,Atlas module,12,,,,,
atlas.html,article .product-card - Duty of care is a bolt-on PDF,div,DutyView,8,,,,,
atlas.html,article .product-card - Duty of care is a bolt-on PDF,p,"Real-time traveler tracking with every incident surfaced proactively. Connected to every booking, not buried in a static report.",128,,,,,
atlas.html,"section #product-map - Five modules, one connected operating surface.",div,Module Map,10,,,,,
atlas.html,"section #product-map - Five modules, one connected operating surface.",h2,"Five modules, one connected operating surface.",46,,,,,
atlas.html,"section #product-map - Five modules, one connected operating surface.",p,"Each module solves a specific operational pain. Together, they replace the duct tape holding your TMC infrastructure together: service queues, supplier connections, traveler visibility, reporting, and financial handoffs.",220,,,,,
atlas.html,article .product-card - OpsHub,div,Module 01,9,,,,,
atlas.html,article .product-card - OpsHub,h3,OpsHub,6,,,,,
atlas.html,article .product-card - OpsHub,p,"Client CRM, booking pipeline, and agent queues in one connected surface. Everything visible, everything linked.",111,,,,,
atlas.html,article .product-card - OpsHub,li,"Client profiles, travel policies, and booking history in one view",65,,,,,
atlas.html,article .product-card - OpsHub,li,Agent queue management with workload visibility,47,,,,,
atlas.html,article .product-card - OpsHub,li,Booking pipeline from request through to confirmation,53,,,,,
atlas.html,article .product-card - Inbox,div,Module 02,9,,,,,
atlas.html,article .product-card - Inbox,h3,Inbox,5,,,,,
atlas.html,article .product-card - Inbox,p,Unified ticketing with SLA enforcement across every channel. No request lost. No breach discovered after the client complains.,126,,,,,
atlas.html,article .product-card - Inbox,li,"Multi-channel request capture: email, chat, phone, portal",57,,,,,
atlas.html,article .product-card - Inbox,li,SLA timers with escalation rules and breach alerts,50,,,,,
atlas.html,article .product-card - Inbox,li,Full audit trail from request to resolution,43,,,,,
atlas.html,article .product-card - FlowConnect,div,Module 03,9,,,,,
atlas.html,article .product-card - FlowConnect,h3,FlowConnect,11,,,,,
atlas.html,article .product-card - FlowConnect,p,"GDS, suppliers, finance, HR, SSO, payment data, CRM, and reporting. One connected fabric that replaces duct-taped operations.",125,,,,,
atlas.html,article .product-card - FlowConnect,li,Pre-built connectors for major GDS and supplier systems,55,,,,,
atlas.html,article .product-card - FlowConnect,li,Finance and HR system integration for reconciliation,52,,,,,
atlas.html,article .product-card - FlowConnect,li,SSO and identity management across the TMC stack,48,,,,,
atlas.html,article .product-card - DutyView,div,Module 04,9,,,,,
atlas.html,article .product-card - DutyView,h3,DutyView,8,,,,,
atlas.html,article .product-card - DutyView,p,"Real-time traveler tracking with incidents surfaced proactively. Duty of care becomes an operational workflow, not a static report.",131,,,,,
atlas.html,article .product-card - DutyView,li,Live traveler location and itinerary tracking,45,,,,,
atlas.html,article .product-card - DutyView,li,Incident alerting connected to booking and client data,54,,,,,
atlas.html,article .product-card - DutyView,li,Risk dashboard for client reporting and compliance,50,,,,,
atlas.html,header .fcg-feature108-header - Replace the duct tape without losing your independence,div,Competitive Position,20,,,,,
atlas.html,header .fcg-feature108-header - Replace the duct tape without losing your independence,h2,Replace the duct tape without losing your independence,54,,,,,
atlas.html,header .fcg-feature108-header - Replace the duct tape without losing your independence,p,"Atlas modernizes your TMC infrastructure without taking your clients, your brand, or your independence. One operating system replaces the patchwork of legacy terminals, homegrown CRM, and spreadsheet ops.",204,,,,,
atlas.html,section #performance-signals - Replace the duct tape without losing your independence,div[aria-label],Atlas competitive advantages,28,,,,,UX/accessibility attribute
atlas.html,section #performance-signals - Replace the duct tape without losing your independence,button,vs. Legacy terminals,20,,,,,
atlas.html,section #performance-signals - Replace the duct tape without losing your independence,button,vs. Enterprise suites,21,,,,,
atlas.html,section #performance-signals - Replace the duct tape without losing your independence,button,vs. Super-platforms,19,,,,,
atlas.html,article #feature108-panel-options - Functional but disconnected is no longer enough.,div,Connected Ops,13,,,,,
atlas.html,article #feature108-panel-options - Functional but disconnected is no longer enough.,h3,Functional but disconnected is no longer enough.,48,,,,,
atlas.html,article #feature108-panel-options - Functional but disconnected is no longer enough.,p,"Legacy GDS terminals handle bookings but leave everything else in spreadsheets, email, and manual handoffs. Atlas connects every operational surface so agents stop toggling and start delivering.",194,,,,,
atlas.html,article #feature108-panel-options - Functional but disconnected is no longer enough.,a,Explore modules,15,,,,,
atlas.html,article #feature108-panel-options - Functional but disconnected is no longer enough.,div[aria-label],Atlas unified operations preview,32,,,,,UX/accessibility attribute
atlas.html,article #feature108-panel-options - Functional but disconnected is no longer enough.,strong,OpsHub active,13,,,,,
atlas.html,article #feature108-panel-options - Functional but disconnected is no longer enough.,small,"Client CRM, pipeline, and queues in one surface",47,,,,,
atlas.html,article #feature108-panel-options - Functional but disconnected is no longer enough.,strong,Inbox SLA tracking,18,,,,,
atlas.html,article #feature108-panel-options - Functional but disconnected is no longer enough.,small,Zero breaches discovered after client complaint,47,,,,,
atlas.html,article #feature108-panel-options - Functional but disconnected is no longer enough.,strong,Reports connected,17,,,,,
atlas.html,article #feature108-panel-options - Functional but disconnected is no longer enough.,small,Branded analytics linked to every booking,41,,,,,
atlas.html,article #feature108-panel-options - Functional but disconnected is no longer enough.,strong,5,1,,,,,
atlas.html,article #feature108-panel-options - Functional but disconnected is no longer enough.,span,Connected modules,17,,,,,
atlas.html,article #feature108-panel-options - Functional but disconnected is no longer enough.,strong,1,1,,,,,
atlas.html,article #feature108-panel-options - Functional but disconnected is no longer enough.,span,Operating surface,17,,,,,
atlas.html,article #feature108-panel-options - Functional but disconnected is no longer enough.,strong,24/7,4,,,,,
atlas.html,article #feature108-panel-options - Functional but disconnected is no longer enough.,span,Visibility,10,,,,,
atlas.html,article #feature108-panel-workflows - Enterprise suites over-engineer the mid-market problem.,div,Right-Sized,11,,,,,
atlas.html,article #feature108-panel-workflows - Enterprise suites over-engineer the mid-market problem.,h3,Enterprise suites over-engineer the mid-market problem.,55,,,,,
atlas.html,article #feature108-panel-workflows - Enterprise suites over-engineer the mid-market problem.,p,SAP Concur and similar platforms were built for global enterprises with dedicated IT teams. Atlas is built for independent TMCs and regional networks that need infrastructure-grade tools without the overhead.,208,,,,,
atlas.html,article #feature108-panel-workflows - Enterprise suites over-engineer the mid-market problem.,a,See pain points,15,,,,,
atlas.html,article #feature108-panel-workflows - Enterprise suites over-engineer the mid-market problem.,div[aria-label],Atlas mid-market fit preview,28,,,,,UX/accessibility attribute
atlas.html,article #feature108-panel-workflows - Enterprise suites over-engineer the mid-market problem.,strong,Layer-by-layer deployment,25,,,,,
atlas.html,article #feature108-panel-workflows - Enterprise suites over-engineer the mid-market problem.,small,"Start with one module, expand on your timeline",46,,,,,
atlas.html,article #feature108-panel-workflows - Enterprise suites over-engineer the mid-market problem.,strong,10-100+ agent teams,19,,,,,
atlas.html,article #feature108-panel-workflows - Enterprise suites over-engineer the mid-market problem.,small,Built for the operator scale that matters,41,,,,,
atlas.html,article #feature108-panel-workflows - Enterprise suites over-engineer the mid-market problem.,strong,APAC-native,11,,,,,
atlas.html,article #feature108-panel-workflows - Enterprise suites over-engineer the mid-market problem.,small,"Singapore, Hong Kong, Thailand, Malaysia, and beyond",52,,,,,
atlas.html,article #feature108-panel-workflows - Enterprise suites over-engineer the mid-market problem.,strong,0,1,,,,,
atlas.html,article #feature108-panel-workflows - Enterprise suites over-engineer the mid-market problem.,span,IT team required,16,,,,,
atlas.html,article #feature108-panel-workflows - Enterprise suites over-engineer the mid-market problem.,strong,10+,3,,,,,
atlas.html,article #feature108-panel-workflows - Enterprise suites over-engineer the mid-market problem.,span,Min. agents,11,,,,,
atlas.html,article #feature108-panel-workflows - Enterprise suites over-engineer the mid-market problem.,strong,APAC,4,,,,,
atlas.html,article #feature108-panel-workflows - Enterprise suites over-engineer the mid-market problem.,span,Coverage,8,,,,,
atlas.html,article #feature108-panel-rollouts - Platforms that help you today compete with you tomorrow.,div,Independence,12,,,,,
atlas.html,article #feature108-panel-rollouts - Platforms that help you today compete with you tomorrow.,h3,Platforms that help you today compete with you tomorrow.,56,,,,,
atlas.html,article #feature108-panel-rollouts - Platforms that help you today compete with you tomorrow.,p,"Super-platforms offer infrastructure but eventually compete for your clients. Atlas is built by FCG, which does not compete with its customers. Your brand, your clients, and your independence stay protected.",207,,,,,
atlas.html,article #feature108-panel-rollouts - Platforms that help you today compete with you tomorrow.,a,See deployment,14,,,,,
atlas.html,article #feature108-panel-rollouts - Platforms that help you today compete with you tomorrow.,div[aria-label],Atlas independence model preview,32,,,,,UX/accessibility attribute
atlas.html,article #feature108-panel-rollouts - Platforms that help you today compete with you tomorrow.,strong,Your brand stays yours,22,,,,,
atlas.html,article #feature108-panel-rollouts - Platforms that help you today compete with you tomorrow.,small,White-label reporting and client-facing surfaces,48,,,,,
atlas.html,article #feature108-panel-rollouts - Platforms that help you today compete with you tomorrow.,strong,Your clients stay yours,23,,,,,
atlas.html,article #feature108-panel-rollouts - Platforms that help you today compete with you tomorrow.,small,"FCG builds infrastructure, not a competing TMC",46,,,,,
atlas.html,article #feature108-panel-rollouts - Platforms that help you today compete with you tomorrow.,strong,Your data stays yours,21,,,,,
atlas.html,article #feature108-panel-rollouts - Platforms that help you today compete with you tomorrow.,small,Full ownership of operational and booking data,46,,,,,
atlas.html,article #feature108-panel-rollouts - Platforms that help you today compete with you tomorrow.,strong,100%,4,,,,,
atlas.html,article #feature108-panel-rollouts - Platforms that help you today compete with you tomorrow.,span,Brand control,13,,,,,
atlas.html,article #feature108-panel-rollouts - Platforms that help you today compete with you tomorrow.,strong,0,1,,,,,
atlas.html,article #feature108-panel-rollouts - Platforms that help you today compete with you tomorrow.,span,Client conflict,15,,,,,
atlas.html,article #feature108-panel-rollouts - Platforms that help you today compete with you tomorrow.,strong,Full,4,,,,,
atlas.html,article #feature108-panel-rollouts - Platforms that help you today compete with you tomorrow.,span,Data ownership,14,,,,,
atlas.html,header .fcg-bento-header - What sits inside the operating system.,div,Atlas Capabilities,18,,,,,
atlas.html,header .fcg-bento-header - What sits inside the operating system.,h2,What sits inside the operating system.,38,,,,,
atlas.html,header .fcg-bento-header - What sits inside the operating system.,p,"Six capabilities turn disconnected TMC tools into one infrastructure layer: workspace, ticketing, integration, duty of care, analytics, payment visibility, and deployment.",171,,,,,
atlas.html,header .fcg-bento-card-header - Unified agent workspace,h3,Unified agent workspace,23,,,,,
atlas.html,header .fcg-bento-card-header - Unified agent workspace,span,OpsHub,6,,,,,
atlas.html,article .fcg-bento-card .fcg-bento-card-large - Unified agent workspace,p,"Client CRM, booking pipeline, and agent queues in one connected surface. Every client relationship, every open request, and every team workload visible without switching screens.",178,,,,,
atlas.html,header .fcg-bento-card-header - SLA-enforced ticketing,h3,SLA-enforced ticketing,22,,,,,
atlas.html,header .fcg-bento-card-header - SLA-enforced ticketing,span,Inbox,5,,,,,
atlas.html,article .fcg-bento-card .fcg-bento-card-small - SLA-enforced ticketing,p,"Unified ticketing across every channel with SLA timers, escalation rules, and breach alerts. No request lost or forgotten.",122,,,,,
atlas.html,header .fcg-bento-card-header - Integration fabric,h3,Integration fabric,18,,,,,
atlas.html,header .fcg-bento-card-header - Integration fabric,span,FlowConnect,11,,,,,
atlas.html,article .fcg-bento-card .fcg-bento-card-small - Integration fabric,p,"GDS, suppliers, finance, HR, SSO, payment status, CRM, and reporting connected through one fabric. The layer that replaces the duct tape.",137,,,,,
atlas.html,header .fcg-bento-card-header - Real-time duty of care,h3,Real-time duty of care,22,,,,,
atlas.html,header .fcg-bento-card-header - Real-time duty of care,span,DutyView,8,,,,,
atlas.html,article .fcg-bento-card .fcg-bento-card-wide - Real-time duty of care,p,"Live traveler tracking with incident surfacing connected to every booking. Operational risk management, not a bolt-on PDF report.",129,,,,,
atlas.html,header .fcg-bento-card-header - Client-ready analytics,h3,Client-ready analytics,22,,,,,
atlas.html,header .fcg-bento-card-header - Client-ready analytics,span,Reports,7,,,,,
atlas.html,article .fcg-bento-card .fcg-bento-card-wide - Client-ready analytics,p,Branded reporting connected to every booking. No more weekend spreadsheet assembly. Deliver client insights that look as professional as the service behind them.,161,,,,,
atlas.html,section #stack-showcase - Walk through the five modules that connect your TMC.,div,Atlas Modules,13,,,,,
atlas.html,section #stack-showcase - Walk through the five modules that connect your TMC.,h2,Walk through the five modules that connect your TMC.,52,,,,,
atlas.html,section #stack-showcase - Walk through the five modules that connect your TMC.,p,"Each module handles a distinct operational surface. Together, they form one connected hub that scales with your business instead of against it.",143,,,,,
atlas.html,section #stack-showcase - Walk through the five modules that connect your TMC.,div[aria-label],Atlas highlights,16,,,,,UX/accessibility attribute
atlas.html,section #stack-showcase - Walk through the five modules that connect your TMC.,span,5 connected modules,19,,,,,
atlas.html,section #stack-showcase - Walk through the five modules that connect your TMC.,span,One operating surface,21,,,,,
atlas.html,section #stack-showcase - Walk through the five modules that connect your TMC.,span,Layer-by-layer deployment,25,,,,,
atlas.html,section #stack-showcase - Walk through the five modules that connect your TMC.,span,TMC independence preserved,26,,,,,
atlas.html,section #stack-showcase - Walk through the five modules that connect your TMC.,button,OpsHub,6,,,,,
atlas.html,section #stack-showcase - Walk through the five modules that connect your TMC.,div,"Client CRM, booking pipeline, and agent queues in one connected surface. Everything connected, everything visible. The foundation of Atlas.",139,,,,,
atlas.html,section #stack-showcase - Walk through the five modules that connect your TMC.,button,Inbox,5,,,,,
atlas.html,section #stack-showcase - Walk through the five modules that connect your TMC.,div,Unified ticketing with SLA enforcement across every channel. No request lost. No breach discovered after the client complains.,126,,,,,
atlas.html,section #stack-showcase - Walk through the five modules that connect your TMC.,button,FlowConnect,11,,,,,
atlas.html,section #stack-showcase - Walk through the five modules that connect your TMC.,div,"Integration fabric connecting GDS, suppliers, finance, HR, and SSO. The layer that replaces duct-taped operations.",114,,,,,
atlas.html,section #stack-showcase - Walk through the five modules that connect your TMC.,button,DutyView,8,,,,,
atlas.html,section #stack-showcase - Walk through the five modules that connect your TMC.,div,Real-time traveler tracking and incident surfacing. Every risk event connected to booking data and client records. Not a bolt-on PDF.,133,,,,,
atlas.html,section #stack-showcase - Walk through the five modules that connect your TMC.,button,Reports,7,,,,,
atlas.html,section #stack-showcase - Walk through the five modules that connect your TMC.,div,"Branded, client-ready analytics connected to every booking. No more weekend spreadsheet assembly. Deliver insights that match the quality of your service.",154,,,,,
atlas.html,section #stack-showcase - Walk through the five modules that connect your TMC.,a,Start an Atlas conversation,27,,,,,
atlas.html,section #stack-showcase - Walk through the five modules that connect your TMC.,a,Browse all modules,18,,,,,
atlas.html,article #showcase-panel-operations - Operations,img[alt],"Atlas operations dashboard showing active clients, bookings, tickets, incidents, and team activity",98,,,,,UX/accessibility attribute
atlas.html,article #showcase-panel-operations - Operations,h3,Operations,10,,,,,
atlas.html,article #showcase-panel-operations - Operations,p,"Agent queues, booking pipeline, and client CRM in one surface. See every open request, every team workload, and every client relationship without switching tools.",162,,,,,
atlas.html,article #showcase-panel-operations - Operations,strong,OpsHub active workspace,23,,,,,
atlas.html,article #showcase-panel-operations - Operations,strong,Inbox queue and SLA status,26,,,,,
atlas.html,article #showcase-panel-service - Service,img[alt],"Atlas tickets module showing open service requests, priority labels, ownership, and status tracking",99,,,,,UX/accessibility attribute
atlas.html,article #showcase-panel-service - Service,h3,Service,7,,,,,
atlas.html,article #showcase-panel-service - Service,p,"Ticketing, SLA tracking, client requests, enquiry capture, and service conversations across every channel. Escalation rules enforce response times before breaches happen.",170,,,,,
atlas.html,article #showcase-panel-service - Service,strong,SLA enforcement active,22,,,,,
atlas.html,article #showcase-panel-service - Service,strong,FlowConnect integrations,24,,,,,
atlas.html,article #showcase-panel-intelligence - Intelligence,img[alt],Atlas reporting module showing corporate report controls and client-ready travel management reporting,101,,,,,UX/accessibility attribute
atlas.html,article #showcase-panel-intelligence - Intelligence,h3,Intelligence,12,,,,,
atlas.html,article #showcase-panel-intelligence - Intelligence,p,"Reporting, duty of care, and analytics connected to every booking. Real-time traveler visibility and branded client reporting in one view.",138,,,,,
atlas.html,article #showcase-panel-intelligence - Intelligence,strong,Client-ready analytics,22,,,,,
atlas.html,article #showcase-panel-intelligence - Intelligence,strong,DutyView traveler tracking,26,,,,,
atlas.html,section #stack-showcase - Walk through the five modules that connect your TMC.,div[aria-label],Atlas operational views,23,,,,,UX/accessibility attribute
atlas.html,section #stack-showcase - Walk through the five modules that connect your TMC.,button,Operations,10,,,,,
atlas.html,section #stack-showcase - Walk through the five modules that connect your TMC.,button,Service,7,,,,,
atlas.html,section #stack-showcase - Walk through the five modules that connect your TMC.,button,Intelligence,12,,,,,
atlas.html,header - Deploy Atlas one module at a time.,div,Layer-by-Layer Deployment,25,,,,,
atlas.html,header - Deploy Atlas one module at a time.,h2,Deploy Atlas one module at a time.,34,,,,,
atlas.html,header - Deploy Atlas one module at a time.,p,"Atlas does not require rip-and-replace. Start with the module that solves your most urgent operational pain, then expand across the platform as your team is ready.",163,,,,,
atlas.html,article .fcg-feature-row - Start with the highest-friction workflow,h3,Start with the highest-friction workflow,40,,,,,
atlas.html,article .fcg-feature-row - Start with the highest-friction workflow,p,Is it agent queue visibility? Client reporting? SLA compliance? Pick the module that addresses the pain your team feels every day.,130,,,,,
atlas.html,article .fcg-feature-row - Connect without replacing everything,h3,Connect without replacing everything,36,,,,,
atlas.html,article .fcg-feature-row - Connect without replacing everything,p,"FlowConnect integrates with your existing GDS, supplier systems, and finance tools. Atlas layers on top of what works and replaces what doesn't.",144,,,,,
atlas.html,article .fcg-feature-row - Measure operational lift from day one,h3,Measure operational lift from day one,37,,,,,
atlas.html,article .fcg-feature-row - Measure operational lift from day one,p,"Track agent productivity, SLA compliance, queue throughput, and client satisfaction as each module comes online.",112,,,,,
atlas.html,article .fcg-feature-row - Scale across APAC complexity,h3,Scale across APAC complexity,28,,,,,
atlas.html,article .fcg-feature-row - Scale across APAC complexity,p,"Support different markets, languages, supplier networks, and regulatory requirements across Singapore, Hong Kong, Thailand, Malaysia, and beyond.",145,,,,,
atlas.html,section #mobile-workflows - Deploy Atlas one module at a time.,h3,Choose your first Atlas module with confidence.,47,,,,,
atlas.html,section #mobile-workflows - Deploy Atlas one module at a time.,p,Use the sections above to match your operational pain points with the right module before starting a deeper conversation with FCG.,130,,,,,
atlas.html,section #mobile-workflows - Deploy Atlas one module at a time.,a,Explore pain points,19,,,,,
atlas.html,section #mobile-workflows - Deploy Atlas one module at a time.,a,View all modules,16,,,,,
agreeease.html,Head metadata,title,AgreeEase - RFP & Rate Management | FCG Group,45,,,,,
agreeease.html,section #capabilities - Turn negotiated hotel rates into bookable supply.,div,RFP & Rates,11,,,,,
agreeease.html,section #capabilities - Turn negotiated hotel rates into bookable supply.,h1,Turn negotiated hotel rates into bookable supply.,49,,,,,
agreeease.html,section #capabilities - Turn negotiated hotel rates into bookable supply.,p,"AgreeEase digitises corporate hotel sourcing from RFP to rate load. Procurement teams issue RFPs, negotiate rates, store contracts, benchmark supplier performance, and enforce compliance in one platform built for APAC.",218,,,,,
agreeease.html,section #capabilities - Turn negotiated hotel rates into bookable supply.,a,Start sourcing smarter,22,,,,,
agreeease.html,section #capabilities - Turn negotiated hotel rates into bookable supply.,a,See the lifecycle,17,,,,,
agreeease.html,section #capabilities - Turn negotiated hotel rates into bookable supply.,img[alt],AgreeEase hotel sourcing agent interface preview,48,,,,,UX/accessibility attribute
agreeease.html,article .fcg-hero2-preview-card,span,Rate Load,9,,,,,
agreeease.html,article .fcg-hero2-preview-card,strong,RFP to bookable rate in 24 hours,32,,,,,
agreeease.html,article .fcg-hero2-preview-card,span,Coverage,8,,,,,
agreeease.html,article .fcg-hero2-preview-card,strong,Multi-market RFP across APAC,28,,,,,
agreeease.html,article .fcg-hero2-preview-card,span,Compliance,10,,,,,
agreeease.html,article .fcg-hero2-preview-card,strong,Audit trails and approval flows,31,,,,,
agreeease.html,article .fcg-hero2-preview-card,span,Connected,9,,,,,
agreeease.html,article .fcg-hero2-preview-card,strong,Rates flow directly into G-Link,31,,,,,
agreeease.html,header .fcg-bento-header - One platform for hotel sourcing and rate control.,div,Platform Capabilities,21,,,,,
agreeease.html,header .fcg-bento-header - One platform for hotel sourcing and rate control.,h2,One platform for hotel sourcing and rate control.,49,,,,,
agreeease.html,header .fcg-bento-header - One platform for hotel sourcing and rate control.,p,"AgreeEase replaces spreadsheets, email chains, and legacy sourcing tools with structured workflows, supplier scoring, rate custody, approval trails, and downstream booking visibility.",183,,,,,
agreeease.html,header .fcg-bento-card-header - Centralised RFP management,h3,Centralised RFP management,26,,,,,
agreeease.html,header .fcg-bento-card-header - Centralised RFP management,span,Core,4,,,,,
agreeease.html,article .fcg-bento-card .fcg-bento-card-large - Centralised RFP management,p,"Manage suppliers, contracts, and sourcing cycles in one dashboard. Structure multi-market RFPs, track hotel responses, and maintain a single source of truth for every tender across your programme.",196,,,,,
agreeease.html,header .fcg-bento-card-header - Rate Custody Engine,h3,Rate Custody Engine,19,,,,,
agreeease.html,header .fcg-bento-card-header - Rate Custody Engine,span,Rates,5,,,,,
agreeease.html,article .fcg-bento-card .fcg-bento-card-small - Rate Custody Engine,p,"Store, validate, benchmark, and enforce negotiated rates in a centralised custody system. Reduce rate leakage and ensure contracted pricing reaches the booking layer with the right rules attached.",196,,,,,
agreeease.html,header .fcg-bento-card-header - Workflow automation,h3,Workflow automation,19,,,,,
agreeease.html,header .fcg-bento-card-header - Workflow automation,span,Ops,3,,,,,
agreeease.html,article .fcg-bento-card .fcg-bento-card-small - Workflow automation,p,"Automate supplier follow-ups, approvals, reminder cycles, document collection, and evaluation scoring. Remove manual tracking from the sourcing process.",152,,,,,
agreeease.html,header .fcg-bento-card-header - Compliance and audit controls,h3,Compliance and audit controls,29,,,,,
agreeease.html,header .fcg-bento-card-header - Compliance and audit controls,span,Gov,3,,,,,
agreeease.html,article .fcg-bento-card .fcg-bento-card-wide - Compliance and audit controls,p,"Full audit trails and approval flows aligned with enterprise procurement governance. Every decision, every change, every contract version is tracked and attributable.",166,,,,,
agreeease.html,header .fcg-bento-card-header - Structured bid evaluation,h3,Structured bid evaluation,25,,,,,
agreeease.html,header .fcg-bento-card-header - Structured bid evaluation,span,Intel,5,,,,,
agreeease.html,article .fcg-bento-card .fcg-bento-card-wide - Structured bid evaluation,p,"Score and rank hotel responses directly within the platform. Compare bids side-by-side using weighted criteria, market benchmarks, inclusion rules, cancellation terms, and programme requirements.",195,,,,,
agreeease.html,section #stack-showcase - From RFP to bookable rate.,div,Procurement Lifecycle,21,,,,,
agreeease.html,section #stack-showcase - From RFP to bookable rate.,h2,From RFP to bookable rate.,26,,,,,
agreeease.html,section #stack-showcase - From RFP to bookable rate.,p,"AgreeEase maps the five phases of corporate hotel sourcing. Each step feeds the next, creating a closed loop from negotiation to live supply, performance reporting, and the next sourcing cycle.",193,,,,,
agreeease.html,section #stack-showcase - From RFP to bookable rate.,div[aria-label],AgreeEase highlights,20,,,,,UX/accessibility attribute
agreeease.html,section #stack-showcase - From RFP to bookable rate.,span,RFP to bookable rate in 24 hours,32,,,,,
agreeease.html,section #stack-showcase - From RFP to bookable rate.,span,Multi-market RFP coverage,25,,,,,
agreeease.html,section #stack-showcase - From RFP to bookable rate.,span,APAC procurement-first,22,,,,,
agreeease.html,section #stack-showcase - From RFP to bookable rate.,span,Connected to G-Link,19,,,,,
agreeease.html,section #stack-showcase - From RFP to bookable rate.,button,Issue,5,,,,,
agreeease.html,section #stack-showcase - From RFP to bookable rate.,div,"Structure and distribute RFPs to qualified hotel suppliers across multiple markets. Define requirements, set timelines, and manage distribution from one workspace.",163,,,,,
agreeease.html,section #stack-showcase - From RFP to bookable rate.,button,Negotiate,9,,,,,
agreeease.html,section #stack-showcase - From RFP to bookable rate.,div,"Compare bids side-by-side, negotiate rates with structured scoring, and evaluate hotel responses using weighted criteria aligned to programme goals.",148,,,,,
agreeease.html,section #stack-showcase - From RFP to bookable rate.,button,Store,5,,,,,
agreeease.html,section #stack-showcase - From RFP to bookable rate.,div,"Lock in contracts and rate agreements in a centralised custody system. Every rate version, amendment, and approval is stored with full audit history.",149,,,,,
agreeease.html,section #stack-showcase - From RFP to bookable rate.,button,Enforce,7,,,,,
agreeease.html,section #stack-showcase - From RFP to bookable rate.,div,Automatically apply negotiated rates at point of booking through G-Link integration. Rates appear in every search without manual uploads or spreadsheet handoffs.,161,,,,,
agreeease.html,section #stack-showcase - From RFP to bookable rate.,button,Review,6,,,,,
agreeease.html,section #stack-showcase - From RFP to bookable rate.,div,"Track programme performance, measure supplier compliance, analyse spend patterns, and prepare for the next sourcing cycle with structured data.",143,,,,,
agreeease.html,section #stack-showcase - From RFP to bookable rate.,a,Request a demo,14,,,,,
agreeease.html,section #stack-showcase - From RFP to bookable rate.,a,View capabilities,17,,,,,
agreeease.html,article #showcase-panel-sourcing - Sourcing view,img[alt],AgreeEase RFP sourcing workspace interface,42,,,,,UX/accessibility attribute
agreeease.html,article #showcase-panel-sourcing - Sourcing view,h3,Sourcing view,13,,,,,
agreeease.html,article #showcase-panel-sourcing - Sourcing view,p,"Issue structured RFPs to qualified hotel suppliers. Manage distribution, track responses, and maintain supplier qualification records across your programme.",156,,,,,
agreeease.html,article #showcase-panel-sourcing - Sourcing view,strong,RFP distribution and tracking,29,,,,,
agreeease.html,article #showcase-panel-sourcing - Sourcing view,strong,Supplier qualification management,33,,,,,
agreeease.html,article #showcase-panel-negotiation - Negotiation view,img[alt],AgreeEase hotel rate review interface,37,,,,,UX/accessibility attribute
agreeease.html,article #showcase-panel-negotiation - Negotiation view,h3,Negotiation view,16,,,,,
agreeease.html,article #showcase-panel-negotiation - Negotiation view,p,"Compare bids, score responses against weighted criteria, and track rate negotiations through to final contract agreement.",121,,,,,
agreeease.html,article #showcase-panel-negotiation - Negotiation view,strong,Bid comparison and scoring,26,,,,,
agreeease.html,article #showcase-panel-negotiation - Negotiation view,strong,Contract rate tracking,22,,,,,
agreeease.html,article #showcase-panel-enforcement - Enforcement view,img[alt],AgreeEase mobile rate workflow interface,40,,,,,UX/accessibility attribute
agreeease.html,article #showcase-panel-enforcement - Enforcement view,h3,Enforcement view,16,,,,,
agreeease.html,article #showcase-panel-enforcement - Enforcement view,p,Negotiated rates flow automatically into G-Link and appear at point of booking. No spreadsheets. No manual uploads. No six-week delay.,134,,,,,
agreeease.html,article #showcase-panel-enforcement - Enforcement view,strong,Rate custody and validation,27,,,,,
agreeease.html,article #showcase-panel-enforcement - Enforcement view,strong,Live in G-Link booking layer,28,,,,,
agreeease.html,section #stack-showcase - From RFP to bookable rate.,div[aria-label],AgreeEase procurement views,27,,,,,UX/accessibility attribute
agreeease.html,section #stack-showcase - From RFP to bookable rate.,button,Sourcing,8,,,,,
agreeease.html,section #stack-showcase - From RFP to bookable rate.,button,Negotiation,11,,,,,
agreeease.html,section #stack-showcase - From RFP to bookable rate.,button,Enforcement,11,,,,,
agreeease.html,header - AgreeEase connects the full procurement loop.,div,Ecosystem Integration,21,,,,,
agreeease.html,header - AgreeEase connects the full procurement loop.,h2,AgreeEase connects the full procurement loop.,45,,,,,
agreeease.html,header - AgreeEase connects the full procurement loop.,p,"Negotiated rates flow downstream into Contrabook and Allbon for booking enforcement, then into Akrapay for financial validation and reconciliation. One closed loop from negotiation to settlement.",195,,,,,
agreeease.html,article .fcg-feature-row - Start with structured sourcing,h3,Start with structured sourcing,30,,,,,
agreeease.html,article .fcg-feature-row - Start with structured sourcing,p,"Replace spreadsheet-based RFPs with a structured workflow that tracks every supplier response, score, and contract version.",123,,,,,
agreeease.html,article .fcg-feature-row - Lock rates in custody,h3,Lock rates in custody,21,,,,,
agreeease.html,article .fcg-feature-row - Lock rates in custody,p,Contracted rates are stored and validated before they reach the booking layer. No more rate leakage from manual handoffs.,121,,,,,
agreeease.html,article .fcg-feature-row - Rates appear in every search,h3,Rates appear in every search,28,,,,,
agreeease.html,article .fcg-feature-row - Rates appear in every search,p,G-Link integration means negotiated rates are bookable within 24 hours. Travellers and agents see the right price without manual uploads.,137,,,,,
agreeease.html,article .fcg-feature-row - Built for APAC multi-market RFPs,h3,Built for APAC multi-market RFPs,32,,,,,
agreeease.html,article .fcg-feature-row - Built for APAC multi-market RFPs,p,"Support multi-currency tenders, regional supplier networks, and the formalised procurement processes used by Japanese, Korean, and Singaporean enterprises.",155,,,,,
agreeease.html,section #mobile-workflows - AgreeEase connects the full procurement loop.,h3,See how rates move from negotiation to booking.,47,,,,,
agreeease.html,section #mobile-workflows - AgreeEase connects the full procurement loop.,p,"Walk through the procurement lifecycle and understand how AgreeEase connects sourcing, contracts, and live supply in one platform.",130,,,,,
agreeease.html,section #mobile-workflows - AgreeEase connects the full procurement loop.,a,View the lifecycle,18,,,,,
agreeease.html,section #mobile-workflows - AgreeEase connects the full procurement loop.,a,Explore capabilities,20,,,,,
api-access.html,Head metadata,title,API Access - FCG Group,22,,,,,
api-access.html,section #capabilities - One connection to every hotel and airline.,div,Scale with confidence,21,,,,,
api-access.html,section #capabilities - One connection to every hotel and airline.,h1,One connection to every hotel and airline.,42,,,,,
api-access.html,section #capabilities - One connection to every hotel and airline.,p,"G-Link and F-Link give product teams direct access to FCG's travel supply layer: 1M+ deduplicated hotel properties, every major airline, sandbox access, documentation, webhooks, reporting, and payment workflows built around the same connection.",244,,,,,
api-access.html,section #capabilities - One connection to every hotel and airline.,a,Get sandbox access,18,,,,,
api-access.html,section #capabilities - One connection to every hotel and airline.,a,Read the docs,13,,,,,
api-access.html,section #capabilities - One connection to every hotel and airline.,div[aria-label],FCG API code example,20,,,,,UX/accessibility attribute
api-access.html,section #capabilities - One connection to every hotel and airline.,span,fcg.api / live supply,21,,,,,
api-access.html,section #capabilities - One connection to every hotel and airline.,span,const,5,,,,,
api-access.html,section #capabilities - One connection to every hotel and airline.,span,new,3,,,,,
api-access.html,section #capabilities - One connection to every hotel and airline.,span,connection,10,,,,,
api-access.html,section #capabilities - One connection to every hotel and airline.,span,"""g-link + f-link""",17,,,,,
api-access.html,section #capabilities - One connection to every hotel and airline.,span,region,6,,,,,
api-access.html,section #capabilities - One connection to every hotel and airline.,span,"""APAC""",6,,,,,
api-access.html,section #capabilities - One connection to every hotel and airline.,span,await,5,,,,,
api-access.html,section #capabilities - One connection to every hotel and airline.,span,availability,12,,,,,
api-access.html,section #capabilities - One connection to every hotel and airline.,span,search,6,,,,,
api-access.html,section #capabilities - One connection to every hotel and airline.,span,hotels,6,,,,,
api-access.html,section #capabilities - One connection to every hotel and airline.,span,"""1M+ deduplicated properties""",29,,,,,
api-access.html,section #capabilities - One connection to every hotel and airline.,span,airlines,8,,,,,
api-access.html,section #capabilities - One connection to every hotel and airline.,span,"""GDS""",5,,,,,
api-access.html,section #capabilities - One connection to every hotel and airline.,span,"""NDC""",5,,,,,
api-access.html,section #capabilities - One connection to every hotel and airline.,span,"""LCC""",5,,,,,
api-access.html,section #capabilities - One connection to every hotel and airline.,span,scaleMode,9,,,,,
api-access.html,section #capabilities - One connection to every hotel and airline.,span,"""confidence""",12,,,,,
api-access.html,section #capabilities - One connection to every hotel and airline.,span,"// One supply layer for search, booking, reporting, and payment.",64,,,,,
api-access.html,section #capabilities - One connection to every hotel and airline.,span,G-Link,6,,,,,
api-access.html,section #capabilities - One connection to every hotel and airline.,strong,1M+ properties,14,,,,,
api-access.html,section #capabilities - One connection to every hotel and airline.,span,F-Link,6,,,,,
api-access.html,section #capabilities - One connection to every hotel and airline.,strong,GDS + NDC + LCC,15,,,,,
api-access.html,section #capabilities - One connection to every hotel and airline.,span,Control,7,,,,,
api-access.html,section #capabilities - One connection to every hotel and airline.,strong,Sandbox to live,15,,,,,
api-access.html,header .fcg-bento-header - The inventory depth behind one connection.,div,What you're connecting to,25,,,,,
api-access.html,header .fcg-bento-header - The inventory depth behind one connection.,h2,The inventory depth behind one connection.,42,,,,,
api-access.html,header .fcg-bento-header - The inventory depth behind one connection.,p,"The API is the access point. G-Link and F-Link are the resource: hotel depth, airline coverage, Booking.com Group access, APAC-native supply, developer-ready docs, test environments, and operational visibility from search through settlement.",241,,,,,
api-access.html,"header .fcg-bento-card-header - G-Link: 1M+ properties, deduplicated and resolved",h3,"G-Link: 1M+ properties, deduplicated and resolved",49,,,,,
api-access.html,"header .fcg-bento-card-header - G-Link: 1M+ properties, deduplicated and resolved",span,G-Link,6,,,,,
api-access.html,"article .fcg-bento-card .fcg-bento-card-large - G-Link: 1M+ properties, deduplicated and resolved",p,"Duplicate properties. Mismatched room types. Stale rates from six different sources. The same hotel appearing three times at three different prices. G-Link resolves all of it. Supply from GDS systems, Booking.com Group, direct hotel connections, and OTA networks is aggregated into one clean, deduplicated, bookable feed.",321,,,,,
api-access.html,"header .fcg-bento-card-header - Clean content, not three listings for the same hotel",h3,"Clean content, not three listings for the same hotel",52,,,,,
api-access.html,"header .fcg-bento-card-header - Clean content, not three listings for the same hotel",span,Content,7,,,,,
api-access.html,"article .fcg-bento-card .fcg-bento-card-small - Clean content, not three listings for the same hotel",p,"G-Link standardises property records, room types, images, amenities, descriptions, and policy fields so each hotel appears once, at the best available rate.",156,,,,,
api-access.html,"header .fcg-bento-card-header - F-Link: every airline, one connection",h3,"F-Link: every airline, one connection",37,,,,,
api-access.html,"header .fcg-bento-card-header - F-Link: every airline, one connection",span,F-Link,6,,,,,
api-access.html,"article .fcg-bento-card .fcg-bento-card-small - F-Link: every airline, one connection",p,"F-Link connects GDS, NDC, and LCC direct into one standardised feed with fare-family normalisation, ancillary management, and full commercial control.",150,,,,,
api-access.html,"header .fcg-bento-card-header - Asia-native supply depth, not retrofitted coverage",h3,"Asia-native supply depth, not retrofitted coverage",50,,,,,
api-access.html,"header .fcg-bento-card-header - Asia-native supply depth, not retrofitted coverage",span,APAC,4,,,,,
api-access.html,"article .fcg-bento-card .fcg-bento-card-wide - Asia-native supply depth, not retrofitted coverage",p,"Built in the region with real supply depth across APAC, the API helps companies expanding into Asia move faster than a supplier-by-supplier integration project.",160,,,,,
api-access.html,header .fcg-bento-card-header - Commercial control that isn't trapped in a spreadsheet,h3,Commercial control that isn't trapped in a spreadsheet,54,,,,,
api-access.html,header .fcg-bento-card-header - Commercial control that isn't trapped in a spreadsheet,span,Business,8,,,,,
api-access.html,article .fcg-bento-card .fcg-bento-card-wide - Commercial control that isn't trapped in a spreadsheet,p,"Mark up, mark down, apply programme rates, layer negotiated rates, or pass through net rates at the supply layer. API logs, booking data, supplier performance, and revenue reporting flow back to analytics and finance systems.",225,,,,,
api-access.html,"header - Connect to G-Link & F-Link. Search, book, and manage through one integration.",div,Integration Points,18,,,,,
api-access.html,"header - Connect to G-Link & F-Link. Search, book, and manage through one integration.",h2,"Connect to G-Link & F-Link. Search, book, and manage through one integration.",77,,,,,
api-access.html,"header - Connect to G-Link & F-Link. Search, book, and manage through one integration.",p,"Authenticate once, search across every connected supplier, confirm bookings, and manage changes. The supply complexity is resolved before it reaches your product.",162,,,,,
api-access.html,"section #how-it-works - Connect to G-Link & F-Link. Search, book, and manage through one integration.",div,01,2,,,,,
api-access.html,"section #how-it-works - Connect to G-Link & F-Link. Search, book, and manage through one integration.",h3,Search G-Link & F-Link,22,,,,,
api-access.html,"section #how-it-works - Connect to G-Link & F-Link. Search, book, and manage through one integration.",p,"One request queries GDS, Booking.com Group, direct hotels, OTAs, NDC, and LCC. Results return deduplicated, normalised, and priced.",131,,,,,
api-access.html,"section #how-it-works - Connect to G-Link & F-Link. Search, book, and manage through one integration.",div,GET /v2/hotels/availability,27,,,,,
api-access.html,"section #how-it-works - Connect to G-Link & F-Link. Search, book, and manage through one integration.",div,02,2,,,,,
api-access.html,"section #how-it-works - Connect to G-Link & F-Link. Search, book, and manage through one integration.",h3,Book through the connection,27,,,,,
api-access.html,"section #how-it-works - Connect to G-Link & F-Link. Search, book, and manage through one integration.",p,"Confirm a reservation with one call while G-Link or F-Link handles supplier confirmation, payment, and PNR generation behind the scenes.",136,,,,,
api-access.html,"section #how-it-works - Connect to G-Link & F-Link. Search, book, and manage through one integration.",div,POST /v2/bookings/create,24,,,,,
api-access.html,"section #how-it-works - Connect to G-Link & F-Link. Search, book, and manage through one integration.",div,03,2,,,,,
api-access.html,"section #how-it-works - Connect to G-Link & F-Link. Search, book, and manage through one integration.",h3,Manage the full lifecycle,25,,,,,
api-access.html,"section #how-it-works - Connect to G-Link & F-Link. Search, book, and manage through one integration.",p,"Modifications, cancellations, reporting, and post-booking workflows run through the same connection.",100,,,,,
api-access.html,"section #how-it-works - Connect to G-Link & F-Link. Search, book, and manage through one integration.",div,GET /v2/bookings/{id},21,,,,,
api-access.html,"section #how-it-works - Connect to G-Link & F-Link. Search, book, and manage through one integration.",span,hotel-search.js,15,,,,,
api-access.html,"section #how-it-works - Connect to G-Link & F-Link. Search, book, and manage through one integration.",span,"// Search G-Link -- every supplier, one call",44,,,,,
api-access.html,"section #how-it-works - Connect to G-Link & F-Link. Search, book, and manage through one integration.",span,const,5,,,,,
api-access.html,"section #how-it-works - Connect to G-Link & F-Link. Search, book, and manage through one integration.",span,await,5,,,,,
api-access.html,"section #how-it-works - Connect to G-Link & F-Link. Search, book, and manage through one integration.",span,hotels,6,,,,,
api-access.html,"section #how-it-works - Connect to G-Link & F-Link. Search, book, and manage through one integration.",span,search,6,,,,,
api-access.html,"section #how-it-works - Connect to G-Link & F-Link. Search, book, and manage through one integration.",span,destination,11,,,,,
api-access.html,"section #how-it-works - Connect to G-Link & F-Link. Search, book, and manage through one integration.",span,"""SIN""",5,,,,,
api-access.html,"section #how-it-works - Connect to G-Link & F-Link. Search, book, and manage through one integration.",span,checkIn,7,,,,,
api-access.html,"section #how-it-works - Connect to G-Link & F-Link. Search, book, and manage through one integration.",span,"""2026-06-15""",12,,,,,
api-access.html,"section #how-it-works - Connect to G-Link & F-Link. Search, book, and manage through one integration.",span,checkOut,8,,,,,
api-access.html,"section #how-it-works - Connect to G-Link & F-Link. Search, book, and manage through one integration.",span,"""2026-06-18""",12,,,,,
api-access.html,"section #how-it-works - Connect to G-Link & F-Link. Search, book, and manage through one integration.",span,guests,6,,,,,
api-access.html,"section #how-it-works - Connect to G-Link & F-Link. Search, book, and manage through one integration.",span,2,1,,,,,
api-access.html,"section #how-it-works - Connect to G-Link & F-Link. Search, book, and manage through one integration.",span,currency,8,,,,,
api-access.html,"section #how-it-works - Connect to G-Link & F-Link. Search, book, and manage through one integration.",span,"""USD""",5,,,,,
api-access.html,"section #how-it-works - Connect to G-Link & F-Link. Search, book, and manage through one integration.",span,"// 1,247 properties returned. Deduplicated. Normalised. Bookable.",65,,,,,
api-access.html,"section #how-it-works - Connect to G-Link & F-Link. Search, book, and manage through one integration.",span,log,3,,,,,
api-access.html,"section #how-it-works - Connect to G-Link & F-Link. Search, book, and manage through one integration.",span,// 1247,7,,,,,
api-access.html,"section #how-it-works - Connect to G-Link & F-Link. Search, book, and manage through one integration.",span,"// [""gds"", ""booking_group"", ""direct"", ""ota""]",44,,,,,
api-access.html,section #product-map - Four domains. The full depth of G-Link and F-Link.,div,API Surface,11,,,,,
api-access.html,section #product-map - Four domains. The full depth of G-Link and F-Link.,h2,Four domains. The full depth of G-Link and F-Link.,50,,,,,
api-access.html,section #product-map - Four domains. The full depth of G-Link and F-Link.,p,"Every API domain connects to a deep resource layer: hotel supply, flight supply, payments, reporting, webhooks, and post-booking lifecycle management.",150,,,,,
api-access.html,article .product-card - Hotel Supply,div,G-Link,6,,,,,
api-access.html,article .product-card - Hotel Supply,h3,Hotel Supply,12,,,,,
api-access.html,article .product-card - Hotel Supply,p,"1M+ deduplicated properties. GDS, Booking.com Group, direct hotel connections, and OTA networks all resolved into one clean feed through a single endpoint, with content, imagery, amenities, room mapping, policies, and rate confidence kept consistent across sources.",265,,,,,
api-access.html,article .product-card - Hotel Supply,li,Property-level and room-level deduplication across every source,63,,,,,
api-access.html,article .product-card - Hotel Supply,li,"Standardised content, images, room mapping, amenities, descriptions, and policy data so each hotel appears once",111,,,,,
api-access.html,article .product-card - Hotel Supply,li,"Negotiated-rate layering, programme rates, and net rate passthrough per client",78,,,,,
api-access.html,article .product-card - Flight Supply,div,F-Link,6,,,,,
api-access.html,article .product-card - Flight Supply,h3,Flight Supply,13,,,,,
api-access.html,article .product-card - Flight Supply,p,"Every major airline through one connection. F-Link aggregates GDS, NDC direct, and LCC direct into one normalised feed.",119,,,,,
api-access.html,article .product-card - Flight Supply,li,"GDS + NDC + LCC direct: every distribution channel, one search",62,,,,,
api-access.html,article .product-card - Flight Supply,li,Fare-family normalisation and ancillary management across sources,65,,,,,
api-access.html,article .product-card - Flight Supply,li,"PNR creation, ticketing, post-booking servicing, and policy-aware filtering",75,,,,,
api-access.html,article .product-card - Payment & Settlement,div,Payments,8,,,,,
api-access.html,article .product-card - Payment & Settlement,h3,Payment & Settlement,20,,,,,
api-access.html,article .product-card - Payment & Settlement,p,"Virtual card issuance, payment processing, settlement tracking, refund handling, fraud controls, and reconciliation infrastructure embedded in the booking flow, without forcing a separate payment project.",204,,,,,
api-access.html,article .product-card - Payment & Settlement,li,Virtual card generation per booking or per supplier,51,,,,,
api-access.html,article .product-card - Payment & Settlement,li,"Automated settlement, refunds, voids, and reconciliation",56,,,,,
api-access.html,article .product-card - Payment & Settlement,li,"Multi-currency support, fraud checks, payment status, and spend reporting",73,,,,,
api-access.html,article .product-card - Reporting & Analytics,div,Data,4,,,,,
api-access.html,article .product-card - Reporting & Analytics,h3,Reporting & Analytics,21,,,,,
api-access.html,article .product-card - Reporting & Analytics,p,"Booking data, search analytics, API logs, payment status, and programme performance can be accessed through the API, delivered by webhook, or pushed to your analytics stack.",173,,,,,
api-access.html,article .product-card - Reporting & Analytics,li,"Booking, payment, and spend data via API or webhook delivery",60,,,,,
api-access.html,article .product-card - Reporting & Analytics,li,"Search-to-book conversion, API response patterns, and supplier performance",74,,,,,
api-access.html,article .product-card - Reporting & Analytics,li,ERP and accounting system connectivity,38,,,,,
api-access.html,"header - Connect to G-Link & F-Link in weeks, not quarters.",div,Getting Started,15,,,,,
api-access.html,"header - Connect to G-Link & F-Link in weeks, not quarters.",h2,"Connect to G-Link & F-Link in weeks, not quarters.",50,,,,,
api-access.html,"header - Connect to G-Link & F-Link in weeks, not quarters.",p,"Move from sandbox access to your first production booking in four steps. Clean documentation, working test environments, webhook-ready workflows, and a clear path to launch.",173,,,,,
api-access.html,article .fcg-feature-row - Get your API credentials,h3,Get your API credentials,24,,,,,
api-access.html,article .fcg-feature-row - Get your API credentials,p,Request sandbox access and receive your API key and test environment credentials within 24 hours.,97,,,,,
api-access.html,article .fcg-feature-row - Explore the documentation,h3,Explore the documentation,25,,,,,
api-access.html,article .fcg-feature-row - Explore the documentation,p,"Use request and response examples, authentication guides, error handling, and integration patterns built for developer teams.",125,,,,,
api-access.html,article .fcg-feature-row - Make your first test booking,h3,Make your first test booking,28,,,,,
api-access.html,article .fcg-feature-row - Make your first test booking,p,"Run a hotel search against G-Link, select a rate, and confirm a sandbox booking in a realistic test environment.",112,,,,,
api-access.html,article .fcg-feature-row - Move to production,h3,Move to production,18,,,,,
api-access.html,article .fcg-feature-row - Move to production,p,"Switch to production credentials once the connection is validated, with commercial terms and supplier activation handled in parallel.",133,,,,,
api-access.html,"section #getting-started - Connect to G-Link & F-Link in weeks, not quarters.",h3,Start connecting today.,23,,,,,
api-access.html,"section #getting-started - Connect to G-Link & F-Link in weeks, not quarters.",p,Get sandbox access to G-Link and F-Link and ship your first integration without waiting for a long contract cycle.,114,,,,,
api-access.html,"section #getting-started - Connect to G-Link & F-Link in weeks, not quarters.",a,Request sandbox access,22,,,,,
api-access.html,"section #getting-started - Connect to G-Link & F-Link in weeks, not quarters.",a,View API documentation,22,,,,,
ai-booking-tool.html,Head metadata,title,AI Booking Tool - Conversational Travel Booking | FCG,53,,,,,
ai-booking-tool.html,Navigation (shared),li,"Products For builders & platforms Connect API Access Connect to G-Link and F-Link directly AI Booking Tool Book business travel with an AI assistant For TMCs & operators Operate Atlas TMC OS Connect operational surfaces into one hub Agent Booking Tool Search and book every supplier in one flow For corporates & travel programs Experience Corporate Booking Tool Modern booking for managed travel programs AgreeEase AI hotel sourcing, RFPs, and rate workflows",458,,,,,Shared sitewide copy; duplicate appearances omitted from later pages.
ai-booking-tool.html,section #capabilities - Book business travel by asking for what you need.,div,AI-powered business travel booking,34,,,,,
ai-booking-tool.html,section #capabilities - Book business travel by asking for what you need.,h1,Book business travel by asking for what you need.,49,,,,,
ai-booking-tool.html,section #capabilities - Book business travel by asking for what you need.,p,"The AI Booking Tool combines a managed travel platform with a conversational assistant. Travelers can ask for flights, hotels, changes, and trip options in plain language. Behind the chat, G-Link and F-Link check live inventory, apply policy, route approvals, and turn the request into a confirmed booking.",306,,,,,
ai-booking-tool.html,section #capabilities - Book business travel by asking for what you need.,a,See the AI booking flow,23,,,,,
ai-booking-tool.html,section #capabilities - Book business travel by asking for what you need.,a,Explore the platform,20,,,,,
ai-booking-tool.html,section #capabilities - Book business travel by asking for what you need.,img[alt],AI Booking Tool interface preview,33,,,,,UX/accessibility attribute
ai-booking-tool.html,header .fcg-bento-header - A booking tool travelers can actually use.,div,Managed Travel + AI,19,,,,,
ai-booking-tool.html,header .fcg-bento-header - A booking tool travelers can actually use.,h2,A booking tool travelers can actually use.,42,,,,,
ai-booking-tool.html,header .fcg-bento-header - A booking tool travelers can actually use.,p,"Most business travel tools still make people search like agents. The AI Booking Tool lets travelers describe the trip they need, while the platform handles supply, policy, approvals, and booking control in the background.",221,,,,,
ai-booking-tool.html,header .fcg-bento-card-header - A travel assistant that can finish the job,h3,A travel assistant that can finish the job,42,,,,,
ai-booking-tool.html,header .fcg-bento-card-header - A travel assistant that can finish the job,span,Experience,10,,,,,
ai-booking-tool.html,article .fcg-bento-card .fcg-bento-card-large - A travel assistant that can finish the job,p,"Travelers ask for what they need the way they would message an assistant: ""Find me a policy-compliant hotel near the office"" or ""Move my return flight earlier."" The tool translates the request into live travel options and keeps the traveler inside one guided booking flow.",272,,,,,
ai-booking-tool.html,header .fcg-bento-card-header - Live hotels and flights inside the chat,h3,Live hotels and flights inside the chat,39,,,,,
ai-booking-tool.html,header .fcg-bento-card-header - Live hotels and flights inside the chat,span,Supply,6,,,,,
ai-booking-tool.html,article .fcg-bento-card .fcg-bento-card-small - Live hotels and flights inside the chat,p,"G-Link brings together 1M+ deduplicated hotel properties from GDS, bedbanks, and direct sources. F-Link connects every major airline through GDS, NDC, and LCC direct. The AI does not guess. It searches real, bookable inventory.",227,,,,,
ai-booking-tool.html,header .fcg-bento-card-header - Policy handled before the traveler chooses,h3,Policy handled before the traveler chooses,42,,,,,
ai-booking-tool.html,header .fcg-bento-card-header - Policy handled before the traveler chooses,span,Control,7,,,,,
ai-booking-tool.html,article .fcg-bento-card .fcg-bento-card-small - Policy handled before the traveler chooses,p,"The tool filters by company policy, budget caps, preferred suppliers, approval rules, and traveler profile before options appear. Out-of-policy choices can be explained, escalated, or removed from the flow.",206,,,,,
ai-booking-tool.html,"header .fcg-bento-card-header - Bookable options, not generic suggestions",h3,"Bookable options, not generic suggestions",41,,,,,
ai-booking-tool.html,"header .fcg-bento-card-header - Bookable options, not generic suggestions",span,Output,6,,,,,
ai-booking-tool.html,"article .fcg-bento-card .fcg-bento-card-wide - Bookable options, not generic suggestions",p,"Every recommendation comes back with real rates, live availability, cancellation rules, supplier source, and policy status. Travelers can compare, ask follow-up questions, and confirm without starting over in another system.",224,,,,,
ai-booking-tool.html,"header .fcg-bento-card-header - Built for travel programs, not just prompts",h3,"Built for travel programs, not just prompts",43,,,,,
ai-booking-tool.html,"header .fcg-bento-card-header - Built for travel programs, not just prompts",span,Platform,8,,,,,
ai-booking-tool.html,"article .fcg-bento-card .fcg-bento-card-wide - Built for travel programs, not just prompts",p,"Admins still get the controls they expect from a managed travel platform: booking records, approval trails, reporting, payment workflows, supplier visibility, and traveler support context. The AI makes the front end easier without weakening governance.",252,,,,,
ai-booking-tool.html,header - Ask naturally. Book confidently.,div,The Booking Experience,22,,,,,
ai-booking-tool.html,header - Ask naturally. Book confidently.,h2,Ask naturally. Book confidently.,32,,,,,
ai-booking-tool.html,header - Ask naturally. Book confidently.,p,"A traveler types or speaks a request. The AI understands the intent, checks policy, searches live hotel and flight inventory, and returns options that can actually be booked.",174,,,,,
ai-booking-tool.html,"article .fcg-ai-card - Book me a hotel near Raffles Place for 3 nights under $200, policy-compliant.",article[aria-label],AI Booking Tool conversation preview,36,,,,,UX/accessibility attribute
ai-booking-tool.html,"article .fcg-ai-card - Book me a hotel near Raffles Place for 3 nights under $200, policy-compliant.",h3,"Book me a hotel near Raffles Place for 3 nights under $200, policy-compliant.",77,,,,,
ai-booking-tool.html,"article .fcg-ai-card - Book me a hotel near Raffles Place for 3 nights under $200, policy-compliant.",span,from 1M+ deduplicated properties via G-Link,43,,,,,
ai-booking-tool.html,"article .fcg-ai-card - Book me a hotel near Raffles Place for 3 nights under $200, policy-compliant.",strong,Live options,12,,,,,
ai-booking-tool.html,"article .fcg-ai-card - Book me a hotel near Raffles Place for 3 nights under $200, policy-compliant.",span,"via F-Link, with GDS, NDC, and LCC direct in one feed",53,,,,,
ai-booking-tool.html,"article .fcg-ai-card - Book me a hotel near Raffles Place for 3 nights under $200, policy-compliant.",strong,Flight coverage,15,,,,,
ai-booking-tool.html,"article .fcg-ai-card - Book me a hotel near Raffles Place for 3 nights under $200, policy-compliant.",span,"results with real-time rates, availability, and booking confirmation",68,,,,,
ai-booking-tool.html,"article .fcg-ai-card - Book me a hotel near Raffles Place for 3 nights under $200, policy-compliant.",strong,Policy-aware,12,,,,,
ai-booking-tool.html,"article .fcg-ai-card - Book me a hotel near Raffles Place for 3 nights under $200, policy-compliant.",div,Ask the AI Booking Tool,23,,,,,
ai-booking-tool.html,article .fcg-marketing-feature - Travelers ask in plain language,h3,Travelers ask in plain language,31,,,,,
ai-booking-tool.html,article .fcg-marketing-feature - Travelers ask in plain language,p,"Instead of forcing travelers through rigid search forms, the tool lets them describe dates, location, budget, preferences, and changes in one conversation.",155,,,,,
ai-booking-tool.html,article .fcg-marketing-feature - The platform checks what is allowed,h3,The platform checks what is allowed,35,,,,,
ai-booking-tool.html,article .fcg-marketing-feature - The platform checks what is allowed,p,"Policy, budget, approval rules, traveler profile, preferred suppliers, and availability are checked before the AI recommends options.",133,,,,,
ai-booking-tool.html,article .fcg-marketing-feature - The result is ready to book,h3,The result is ready to book,27,,,,,
ai-booking-tool.html,article .fcg-marketing-feature - The result is ready to book,p,"Travelers receive policy-compliant options with live rates and real availability, then confirm flights and hotels without leaving the booking flow.",147,,,,,
ai-booking-tool.html,section #decision-paths - Three ways teams use AI booking.,div,Use Cases,9,,,,,
ai-booking-tool.html,section #decision-paths - Three ways teams use AI booking.,h2,Three ways teams use AI booking.,32,,,,,
ai-booking-tool.html,"article .product-card - ""Our travelers need a faster way to book business trips.""",div,Path 01,7,,,,,
ai-booking-tool.html,"article .product-card - ""Our travelers need a faster way to book business trips.""",h3,"""Our travelers need a faster way to book business trips.""",57,,,,,
ai-booking-tool.html,"article .product-card - ""Our travelers need a faster way to book business trips.""",p,"Traditional booking flows ask travelers to think like travel agents. AI booking lets them describe the outcome, compare compliant options, and confirm the trip with fewer steps.",177,,,,,
ai-booking-tool.html,"article .product-card - ""Our travelers need a faster way to book business trips.""",div,Recommended approach,20,,,,,
ai-booking-tool.html,"article .product-card - ""Our travelers need a faster way to book business trips.""",div,AI Booking Tool for traveler self-service,41,,,,,
ai-booking-tool.html,"article .product-card - ""Our travelers need a faster way to book business trips.""",p,"Give travelers a conversational booking experience for hotels, flights, trip changes, and follow-up questions, backed by live G-Link and F-Link supply.",151,,,,,
ai-booking-tool.html,"article .product-card - ""We need policy control without making booking painful.""",div,Path 02,7,,,,,
ai-booking-tool.html,"article .product-card - ""We need policy control without making booking painful.""",h3,"""We need policy control without making booking painful.""",56,,,,,
ai-booking-tool.html,"article .product-card - ""We need policy control without making booking painful.""",p,"Travel programs need guardrails, but travelers do not want to decode rules before every trip. The AI can explain what is allowed, recommend compliant choices, and route approvals when needed.",191,,,,,
ai-booking-tool.html,"article .product-card - ""We need policy control without making booking painful.""",div,Recommended approach,20,,,,,
ai-booking-tool.html,"article .product-card - ""We need policy control without making booking painful.""",div,AI Booking Tool with policy and approvals,41,,,,,
ai-booking-tool.html,"article .product-card - ""We need policy control without making booking painful.""",p,"Filter options by budget, supplier preference, cabin class, location, approval status, and traveler profile before the booking is made. Policy becomes part of the conversation, not a warning after the fact.",206,,,,,
ai-booking-tool.html,"article .product-card - ""Our travel team needs fewer repetitive requests.""",div,Path 03,7,,,,,
ai-booking-tool.html,"article .product-card - ""Our travel team needs fewer repetitive requests.""",h3,"""Our travel team needs fewer repetitive requests.""",50,,,,,
ai-booking-tool.html,"article .product-card - ""Our travel team needs fewer repetitive requests.""",p,"Agents and travel managers should not spend their day answering the same hotel, flight, policy, and change questions. AI booking handles routine requests while keeping escalation context intact.",194,,,,,
ai-booking-tool.html,"article .product-card - ""Our travel team needs fewer repetitive requests.""",div,Recommended approach,20,,,,,
ai-booking-tool.html,"article .product-card - ""Our travel team needs fewer repetitive requests.""",div,AI Booking Tool for assisted servicing,38,,,,,
ai-booking-tool.html,"article .product-card - ""Our travel team needs fewer repetitive requests.""",p,"Let the AI answer trip questions, suggest changes, surface policy context, and prepare compliant options for approval or agent handoff when human support is needed.",164,,,,,
ai-booking-tool.html,section #product-map - Four layers behind every AI booking.,div,What's Underneath,17,,,,,
ai-booking-tool.html,section #product-map - Four layers behind every AI booking.,h2,Four layers behind every AI booking.,36,,,,,
ai-booking-tool.html,section #product-map - Four layers behind every AI booking.,p,"The experience feels like a chat assistant. Underneath, it is a managed booking platform with live supply, policy controls, booking records, approvals, and support context.",172,,,,,
ai-booking-tool.html,article .product-card - Conversational Search,div,Input,5,,,,,
ai-booking-tool.html,article .product-card - Conversational Search,h3,Conversational Search,21,,,,,
ai-booking-tool.html,article .product-card - Conversational Search,p,"The front door. Freeform traveler requests become structured search, booking, change, and support actions that the platform can verify and complete.",148,,,,,
ai-booking-tool.html,article .product-card - Conversational Search,li,Text and voice input with multi-turn conversational context,59,,,,,
ai-booking-tool.html,article .product-card - Conversational Search,li,"Intent extraction mapped to dates, destination, budget, traveler profile, and policy constraints",96,,,,,
ai-booking-tool.html,article .product-card - Conversational Search,li,"Grounded recommendations with clear reasons, trade-offs, and next-step actions",78,,,,,
ai-booking-tool.html,article .product-card - Live Travel Inventory,div,Supply: The Core,16,,,,,
ai-booking-tool.html,article .product-card - Live Travel Inventory,h3,Live Travel Inventory,21,,,,,
ai-booking-tool.html,article .product-card - Live Travel Inventory,p,"This is the layer that makes the assistant useful. 1M+ deduplicated hotel properties from GDS, bedbanks, and direct sources. Every major airline via GDS, NDC, and LCC direct. APAC-native supply depth. Real-time, not cached.",223,,,,,
ai-booking-tool.html,article .product-card - Live Travel Inventory,li,"G-Link: multi-source hotel content, property-level and room-level deduplication, negotiated-rate layering",105,,,,,
ai-booking-tool.html,article .product-card - Live Travel Inventory,li,"F-Link: fare-family normalization, ancillary management, full commercial control across every airline",101,,,,,
ai-booking-tool.html,article .product-card - Live Travel Inventory,li,"Live rates, real availability, and confirmed bookings through one connection",76,,,,,
ai-booking-tool.html,article .product-card - Policy Engine,div,Governance,10,,,,,
ai-booking-tool.html,article .product-card - Policy Engine,h3,Policy Engine,13,,,,,
ai-booking-tool.html,article .product-card - Policy Engine,p,"Policy is applied before options reach the traveler. The AI can explain trade-offs, request approval, or hand off to an agent with the full conversation and booking context.",173,,,,,
ai-booking-tool.html,article .product-card - Policy Engine,li,"Budget caps, preferred suppliers, and class-of-service rules enforced at point of search",88,,,,,
ai-booking-tool.html,article .product-card - Policy Engine,li,Pre-trip approval routing and out-of-policy flagging before the booking is made,79,,,,,
ai-booking-tool.html,article .product-card - Policy Engine,li,"Client-level and traveler-level rule layering, with escalation context preserved",80,,,,,
ai-booking-tool.html,article .product-card - Bookings and Servicing,div,Output,6,,,,,
ai-booking-tool.html,article .product-card - Bookings and Servicing,h3,Bookings and Servicing,22,,,,,
ai-booking-tool.html,article .product-card - Bookings and Servicing,p,"The end result: complete, bookable itineraries with confirmed pricing from real supply, plus the records and context needed for changes, reporting, support, and payment workflows.",179,,,,,
ai-booking-tool.html,article .product-card - Bookings and Servicing,li,Multi-segment itineraries assembled from a single conversation against live supply,82,,,,,
ai-booking-tool.html,article .product-card - Bookings and Servicing,li,Real-time pricing with supplier and rate source visibility across every connected source,88,,,,,
ai-booking-tool.html,article .product-card - Bookings and Servicing,li,One-step booking confirmation with no manual re-entry or downstream verification,80,,,,,
ai-booking-tool.html,header - Launch AI-powered booking without rebuilding travel infrastructure.,div,Launch Path,11,,,,,
ai-booking-tool.html,header - Launch AI-powered booking without rebuilding travel infrastructure.,h2,Launch AI-powered booking without rebuilding travel infrastructure.,67,,,,,
ai-booking-tool.html,header - Launch AI-powered booking without rebuilding travel infrastructure.,p,"The AI Booking Tool brings conversational booking, live inventory, policy controls, approvals, and confirmed reservations into one product. Start with guided self-service, then expand into servicing, reporting, and deeper travel program workflows.",247,,,,,
ai-booking-tool.html,article .fcg-feature-row - Configure the traveler experience,h3,Configure the traveler experience,33,,,,,
ai-booking-tool.html,article .fcg-feature-row - Configure the traveler experience,p,"Set up the booking flow, assistant behavior, traveler profiles, company rules, approval paths, and preferred suppliers so the AI can guide users inside your travel program.",172,,,,,
ai-booking-tool.html,article .fcg-feature-row - Test natural-language booking flows,h3,Test natural-language booking flows,35,,,,,
ai-booking-tool.html,article .fcg-feature-row - Test natural-language booking flows,p,"Run real trip scenarios in sandbox: hotel searches, flight options, policy explanations, approval routing, and booking confirmation. Validate the experience before production.",175,,,,,
ai-booking-tool.html,"article .fcg-feature-row - Connect supply, policy, and payments",h3,"Connect supply, policy, and payments",36,,,,,
ai-booking-tool.html,"article .fcg-feature-row - Connect supply, policy, and payments",p,"Use G-Link and F-Link for live hotel and flight inventory, layer in corporate travel rules, and connect payment and reporting workflows around each booking.",156,,,,,
ai-booking-tool.html,article .fcg-feature-row - Go live with AI-assisted booking,h3,Go live with AI-assisted booking,32,,,,,
ai-booking-tool.html,article .fcg-feature-row - Go live with AI-assisted booking,p,"Move from sandbox to production. Travelers ask, compare, approve, and book in one guided flow, while travel managers keep visibility across reservations, policy, suppliers, and spend.",183,,,,,
ai-booking-tool.html,section #integration-path - Launch AI-powered booking without rebuilding travel infrastructure.,h3,See the AI Booking Tool in action.,34,,,,,
ai-booking-tool.html,section #integration-path - Launch AI-powered booking without rebuilding travel infrastructure.,p,"Request a live demo to see conversational trip planning, policy-aware recommendations, live hotel and flight inventory, approval routing, and confirmed bookings in one flow.",173,,,,,
ai-booking-tool.html,section #integration-path - Launch AI-powered booking without rebuilding travel infrastructure.,a,Request live demo,17,,,,,
ai-booking-tool.html,section #integration-path - Launch AI-powered booking without rebuilding travel infrastructure.,a,Discuss launch plan,19,,,,,
agent-booking-tool.html,Head metadata,title,FCG Group - Agent Booking Tool,30,,,,,
agent-booking-tool.html,section #capabilities - Give agents one search for every supplier.,div,For TMCs & Operators,20,,,,,
agent-booking-tool.html,section #capabilities - Give agents one search for every supplier.,h1,Give agents one search for every supplier.,42,,,,,
agent-booking-tool.html,section #capabilities - Give agents one search for every supplier.,p,"The Agent Booking Tool is a professional booking cockpit for TMC teams. One screen connects to Amadeus, Sabre, Travelport, OTA supply, direct hotel rates, policy rules, payment status, and reporting through G-Link and F-Link.",225,,,,,
agent-booking-tool.html,section #capabilities - Give agents one search for every supplier.,a,See the cockpit,15,,,,,
agent-booking-tool.html,section #capabilities - Give agents one search for every supplier.,a,How it works,12,,,,,
agent-booking-tool.html,section #capabilities - Give agents one search for every supplier.,img[alt],"Agent Booking Tool dashboard showing booking activity, revenue, group quotations, and recent bookings",101,,,,,UX/accessibility attribute
agent-booking-tool.html,header .fcg-feature108-header - One interface. Every booking workflow.,div,Agent Cockpit,13,,,,,
agent-booking-tool.html,header .fcg-feature108-header - One interface. Every booking workflow.,h2,One interface. Every booking workflow.,38,,,,,
agent-booking-tool.html,header .fcg-feature108-header - One interface. Every booking workflow.,p,"Agents switch between too many tools per booking. The Agent Booking Tool brings search, quoting, booking, and reporting into one surface designed for real TMC workflows.",169,,,,,
agent-booking-tool.html,section #agent-cockpit - One interface. Every booking workflow.,div[aria-label],Agent Booking Tool capabilities,31,,,,,UX/accessibility attribute
agent-booking-tool.html,section #agent-cockpit - One interface. Every booking workflow.,button,Search,6,,,,,
agent-booking-tool.html,section #agent-cockpit - One interface. Every booking workflow.,button,Quote,5,,,,,
agent-booking-tool.html,section #agent-cockpit - One interface. Every booking workflow.,button,Book,4,,,,,
agent-booking-tool.html,section #agent-cockpit - One interface. Every booking workflow.,button,Insight,7,,,,,
agent-booking-tool.html,article #feature108-panel-search - Every supplier. One query.,div,Unified Search,14,,,,,
agent-booking-tool.html,article #feature108-panel-search - Every supplier. One query.,h3,Every supplier. One query.,26,,,,,
agent-booking-tool.html,article #feature108-panel-search - Every supplier. One query.,p,"Connect to Amadeus, Sabre, Travelport, OTA aggregators, and direct hotel supply simultaneously. Negotiated rates from AgreeEase surface automatically with clear rate breakdowns, cancellation terms, and availability confidence. No more tabbing between GDS terminals and rate sheets.",281,,,,,
agent-booking-tool.html,article #feature108-panel-search - Every supplier. One query.,a,See how search works,20,,,,,
agent-booking-tool.html,article #feature108-panel-search - Every supplier. One query.,div[aria-label],Unified search preview,22,,,,,UX/accessibility attribute
agent-booking-tool.html,article #feature108-panel-search - Every supplier. One query.,img[alt],"Agent Booking Tool hotel search showing live rates, corporate labels, property cards, and filters",97,,,,,UX/accessibility attribute
agent-booking-tool.html,article #feature108-panel-quote - From search results to branded PDF in minutes.,div,Quote Builder,13,,,,,
agent-booking-tool.html,article #feature108-panel-quote - From search results to branded PDF in minutes.,h3,From search results to branded PDF in minutes.,46,,,,,
agent-booking-tool.html,article #feature108-panel-quote - From search results to branded PDF in minutes.,p,"Select multiple options across flight, hotel, and ground. Build comparison quotes with your TMC branding. Send to clients directly. No copy-pasting between systems, no formatting spreadsheets at midnight.",204,,,,,
agent-booking-tool.html,article #feature108-panel-quote - From search results to branded PDF in minutes.,a,See quoting workflow,20,,,,,
agent-booking-tool.html,article #feature108-panel-quote - From search results to branded PDF in minutes.,div[aria-label],Quote builder preview,21,,,,,UX/accessibility attribute
agent-booking-tool.html,article #feature108-panel-quote - From search results to branded PDF in minutes.,img[alt],"Agent Booking Tool quotations list showing group quotations, client proposals, amounts, statuses, and actions",109,,,,,UX/accessibility attribute
agent-booking-tool.html,article #feature108-panel-book - Book on behalf. Full audit trail.,div,Booking Management,18,,,,,
agent-booking-tool.html,article #feature108-panel-book - Book on behalf. Full audit trail.,h3,Book on behalf. Full audit trail.,33,,,,,
agent-booking-tool.html,article #feature108-panel-book - Book on behalf. Full audit trail.,p,Complete bookings for any traveler with role-based access. Every action logged. Every change tracked. Programme rates enforced at point of booking so agents never accidentally book outside policy.,196,,,,,
agent-booking-tool.html,article #feature108-panel-book - Book on behalf. Full audit trail.,a,See booking flow,16,,,,,
agent-booking-tool.html,article #feature108-panel-book - Book on behalf. Full audit trail.,div[aria-label],Booking management preview,26,,,,,UX/accessibility attribute
agent-booking-tool.html,article #feature108-panel-book - Book on behalf. Full audit trail.,img[alt],"Agent Booking Tool bookings table showing references, guests, products, destinations, payment status, and group bookings",120,,,,,UX/accessibility attribute
agent-booking-tool.html,article #feature108-panel-insight - Booking data that drives better negotiations.,div,Data & Analytics,16,,,,,
agent-booking-tool.html,article #feature108-panel-insight - Booking data that drives better negotiations.,h3,Booking data that drives better negotiations.,45,,,,,
agent-booking-tool.html,article #feature108-panel-insight - Booking data that drives better negotiations.,p,"Every search, quote, and booking generates structured data. See which suppliers win, where negotiated rates are used, where leakage happens, and which response patterns slow agents down. Turn booking volume into leverage at the next rate review.",245,,,,,
agent-booking-tool.html,article #feature108-panel-insight - Booking data that drives better negotiations.,a,See analytics,13,,,,,
agent-booking-tool.html,article #feature108-panel-insight - Booking data that drives better negotiations.,div[aria-label],Analytics and insights preview,30,,,,,UX/accessibility attribute
agent-booking-tool.html,article #feature108-panel-insight - Booking data that drives better negotiations.,img[alt],"Agent Booking Tool reports dashboard showing booking volume, revenue, group quotations, and destination analytics",113,,,,,UX/accessibility attribute
agent-booking-tool.html,"header .fcg-bento-header - Built for agents, not adapted from consumers.",div,Platform Capabilities,21,,,,,
agent-booking-tool.html,"header .fcg-bento-header - Built for agents, not adapted from consumers.",h2,"Built for agents, not adapted from consumers.",45,,,,,
agent-booking-tool.html,"header .fcg-bento-header - Built for agents, not adapted from consumers.",p,"Most booking tools started as consumer products. The Agent Booking Tool was designed around professional TMC workflows: supplier comparison, quote building, payment visibility, audit trails, and client-ready reporting.",218,,,,,
agent-booking-tool.html,header .fcg-bento-card-header - Multi-GDS search in a single interface,h3,Multi-GDS search in a single interface,38,,,,,
agent-booking-tool.html,header .fcg-bento-card-header - Multi-GDS search in a single interface,span,Core,4,,,,,
agent-booking-tool.html,article .fcg-bento-card .fcg-bento-card-large - Multi-GDS search in a single interface,p,"Connect to Amadeus, Sabre, and Travelport simultaneously. Add OTA and direct hotel supply through G-Link. Agents see every available option in one ranked view with supplier source, rate rules, availability confidence, cancellation terms, and policy status visible before quote or booking.",288,,,,,
agent-booking-tool.html,header .fcg-bento-card-header - Standalone or embedded,h3,Standalone or embedded,22,,,,,
agent-booking-tool.html,header .fcg-bento-card-header - Standalone or embedded,span,Deploy,6,,,,,
agent-booking-tool.html,article .fcg-bento-card .fcg-bento-card-small - Standalone or embedded,p,Run as your primary booking tool or embed within existing OBT systems. No rip-and-replace required.,99,,,,,
agent-booking-tool.html,header .fcg-bento-card-header - New agents productive in days,h3,New agents productive in days,29,,,,,
agent-booking-tool.html,header .fcg-bento-card-header - New agents productive in days,span,UX,2,,,,,
agent-booking-tool.html,article .fcg-bento-card .fcg-bento-card-small - New agents productive in days,p,"Simplified rate comparison and guided workflows mean new hires are booking confidently within days, not the weeks legacy GDS training requires.",143,,,,,
agent-booking-tool.html,header .fcg-bento-card-header - Programme rate enforcement,h3,Programme rate enforcement,26,,,,,
agent-booking-tool.html,header .fcg-bento-card-header - Programme rate enforcement,span,Rates,5,,,,,
agent-booking-tool.html,article .fcg-bento-card .fcg-bento-card-wide - Programme rate enforcement,p,Negotiated rates from AgreeEase and G-Link surface automatically at point of search. Agents always see preferred pricing before open-market alternatives.,153,,,,,
agent-booking-tool.html,header .fcg-bento-card-header - Multi-language and currency support,h3,Multi-language and currency support,35,,,,,
agent-booking-tool.html,header .fcg-bento-card-header - Multi-language and currency support,span,Global,6,,,,,
agent-booking-tool.html,article .fcg-bento-card .fcg-bento-card-wide - Multi-language and currency support,p,"Support regional TMC operations across APAC with localized interfaces, multi-currency display, and market-specific supplier content. One deployment covers Singapore, Hong Kong, Japan, and beyond.",195,,,,,
agent-booking-tool.html,header - Your agents handle the relationships. The tool handles the searching.,div,The Agent Advantage,19,,,,,
agent-booking-tool.html,header - Your agents handle the relationships. The tool handles the searching.,h2,Your agents handle the relationships. The tool handles the searching.,69,,,,,
agent-booking-tool.html,header - Your agents handle the relationships. The tool handles the searching.,p,"Six disconnected tools per booking is not a workflow. It is a margin problem. Every screen switch costs time, every manual rate check risks error, and every hand-keyed report delays delivery. The Agent Booking Tool removes the friction so agents can focus on what TMCs are built for: service quality and client relationships.",325,,,,,
agent-booking-tool.html,section #how-it-works - Your agents handle the relationships. The tool handles the searching.,div,"Search: SIN to NRT, 15-18 Jun, 1 pax, economy. Apply Nomura corporate rate. Include hotel options near Marunouchi.",114,,,,,
agent-booking-tool.html,section #how-it-works - Your agents handle the relationships. The tool handles the searching.,div,+ 12 direct sources searched,28,,,,,
agent-booking-tool.html,section #how-it-works - Your agents handle the relationships. The tool handles the searching.,strong,3 GDS,5,,,,,
agent-booking-tool.html,section #how-it-works - Your agents handle the relationships. The tool handles the searching.,div,applied automatically,21,,,,,
agent-booking-tool.html,section #how-it-works - Your agents handle the relationships. The tool handles the searching.,strong,Corporate rate,14,,,,,
agent-booking-tool.html,section #how-it-works - Your agents handle the relationships. The tool handles the searching.,div,ranked by policy compliance,27,,,,,
agent-booking-tool.html,section #how-it-works - Your agents handle the relationships. The tool handles the searching.,strong,14 options,10,,,,,
agent-booking-tool.html,section #how-it-works - Your agents handle the relationships. The tool handles the searching.,div,"Add rail transfer, build 3-option quote...",42,,,,,
agent-booking-tool.html,section #how-it-works - Your agents handle the relationships. The tool handles the searching.,h3,Open architecture,17,,,,,
agent-booking-tool.html,section #how-it-works - Your agents handle the relationships. The tool handles the searching.,p,"You keep your GDS agreements, your supplier relationships, and your commercial terms. The tool connects to your infrastructure. It does not replace it.",151,,,,,
agent-booking-tool.html,section #how-it-works - Your agents handle the relationships. The tool handles the searching.,h3,"Layer, don't replace",20,,,,,
agent-booking-tool.html,section #how-it-works - Your agents handle the relationships. The tool handles the searching.,p,Deploy alongside your existing tools. Start with hotel search. Add flights when ready. Expand to full booking when the team is confident. No big-bang migration.,160,,,,,
agent-booking-tool.html,section #how-it-works - Your agents handle the relationships. The tool handles the searching.,h3,Regional scale,14,,,,,
agent-booking-tool.html,section #how-it-works - Your agents handle the relationships. The tool handles the searching.,p,One agreement with a regional TMC HQ in Singapore can deploy across multiple APAC markets simultaneously. Built for how regional networks actually operate.,155,,,,,
agent-booking-tool.html,header - The margin problem is a tools problem.,div,Why TMCs Switch,15,,,,,
agent-booking-tool.html,header - The margin problem is a tools problem.,h2,The margin problem is a tools problem.,38,,,,,
agent-booking-tool.html,header - The margin problem is a tools problem.,p,"Every booking that touches six screens, three rate sheets, and a manual report costs more than it should. The Agent Booking Tool compresses the workflow and protects margin.",173,,,,,
agent-booking-tool.html,article .fcg-feature-row - Simplified rate comparison,h3,Simplified rate comparison,26,,,,,
agent-booking-tool.html,article .fcg-feature-row - Simplified rate comparison,p,"GDS rates, OTA rates, and negotiated programme rates displayed side by side. Agents compare instantly instead of checking each source manually.",143,,,,,
agent-booking-tool.html,article .fcg-feature-row - Duty of care visibility,h3,Duty of care visibility,23,,,,,
agent-booking-tool.html,article .fcg-feature-row - Duty of care visibility,p,"Real-time traveler location data connected to booking records. When disruption hits, you know where your travelers are without chasing PNRs across systems.",155,,,,,
agent-booking-tool.html,article .fcg-feature-row - Automated reporting,h3,Automated reporting,19,,,,,
agent-booking-tool.html,article .fcg-feature-row - Automated reporting,p,"Booking data, payment status, supplier performance, and service history flow directly into reports. No manual extraction, no late delivery, no formatting errors. Clients get what they need when they need it.",207,,,,,
agent-booking-tool.html,article .fcg-feature-row - Win more pitches,h3,Win more pitches,16,,,,,
agent-booking-tool.html,article .fcg-feature-row - Win more pitches,p,"Demonstrate modern booking technology in client presentations. Show the same search-to-quote speed that digitally-native competitors promise, backed by the service depth only a real TMC delivers.",195,,,,,
agent-booking-tool.html,section #mobile-workflows - The margin problem is a tools problem.,h3,See the Agent Booking Tool in your workflow.,44,,,,,
agent-booking-tool.html,section #mobile-workflows - The margin problem is a tools problem.,p,"Book a technical walkthrough with our team. We will map the tool to your GDS environment, client mix, and operational requirements. No commitment. No pitch deck. Just the product.",179,,,,,
agent-booking-tool.html,section #mobile-workflows - The margin problem is a tools problem.,a,Request a demo,14,,,,,
agent-booking-tool.html,section #mobile-workflows - The margin problem is a tools problem.,a,Download overview,17,,,,,
corporate-booking-tool.html,Head metadata,title,FCG Group - Corporate Booking Tool,34,,,,,
corporate-booking-tool.html,section #capabilities - Make managed travel easier to book.,div,For corporates & travel programs,32,,,,,
corporate-booking-tool.html,section #capabilities - Make managed travel easier to book.,h1,Make managed travel easier to book.,35,,,,,
corporate-booking-tool.html,section #capabilities - Make managed travel easier to book.,p,"The Corporate Booking Tool gives business travelers a clean, mobile-first interface for flights, hotels, rail, and ground transport. Policy, approvals, loyalty, payment handling, cost allocation, and duty of care are applied at booking. Your TMC deploys it under its own brand.",277,,,,,
corporate-booking-tool.html,section #capabilities - Make managed travel easier to book.,a,See how it works,16,,,,,
corporate-booking-tool.html,section #capabilities - Make managed travel easier to book.,a,View capabilities,17,,,,,
corporate-booking-tool.html,section #capabilities - Make managed travel easier to book.,img[alt],Corporate Booking Tool interface preview,40,,,,,UX/accessibility attribute
corporate-booking-tool.html,article .fcg-hero2-preview-card,span,Adoption,8,,,,,
corporate-booking-tool.html,article .fcg-hero2-preview-card,strong,Mobile-first self-service that travelers choose over email,58,,,,,
corporate-booking-tool.html,article .fcg-hero2-preview-card,span,Policy,6,,,,,
corporate-booking-tool.html,article .fcg-hero2-preview-card,strong,"Rules enforced at search, not after the trip",44,,,,,
corporate-booking-tool.html,article .fcg-hero2-preview-card,span,Visibility,10,,,,,
corporate-booking-tool.html,article .fcg-hero2-preview-card,strong,Real-time duty of care and traveler location data,49,,,,,
corporate-booking-tool.html,article .fcg-hero2-preview-card,span,Finance,7,,,,,
corporate-booking-tool.html,article .fcg-hero2-preview-card,strong,"Cost centers, GL codes, and Akrapay reconciliation",50,,,,,
corporate-booking-tool.html,header - Better booking tools create better adoption.,div,The Adoption Problem,20,,,,,
corporate-booking-tool.html,header - Better booking tools create better adoption.,h2,Better booking tools create better adoption.,44,,,,,
corporate-booking-tool.html,header - Better booking tools create better adoption.,p,"When travelers bypass the OBT and email the travel desk instead, policy leakage follows. Negotiated rates go unused. Duty of care becomes retroactive. The Corporate Booking Tool gives travelers an interface that is faster than calling their agent.",247,,,,,
corporate-booking-tool.html,section #adoption-narrative - Better booking tools create better adoption.,div,"Book SIN to NRT, 12-14 Jun, economy. Hilton preferred.",54,,,,,
corporate-booking-tool.html,section #adoption-narrative - Better booking tools create better adoption.,strong,Policy compliant,16,,,,,
corporate-booking-tool.html,section #adoption-narrative - Better booking tools create better adoption.,div,: Hilton Corporate,18,,,,,
corporate-booking-tool.html,section #adoption-narrative - Better booking tools create better adoption.,strong,Negotiated rate applied,23,,,,,
corporate-booking-tool.html,section #adoption-narrative - Better booking tools create better adoption.,div,: Economy direct,16,,,,,
corporate-booking-tool.html,section #adoption-narrative - Better booking tools create better adoption.,strong,142 kg CO₂,10,,,,,
corporate-booking-tool.html,section #adoption-narrative - Better booking tools create better adoption.,div,Add ground transport or modify dates...,39,,,,,
corporate-booking-tool.html,section #adoption-narrative - Better booking tools create better adoption.,h3,Three clicks to book,20,,,,,
corporate-booking-tool.html,section #adoption-narrative - Better booking tools create better adoption.,p,"Search, select, confirm. No training manuals, no six-tab workflows. Travelers complete bookings in under two minutes on any device.",131,,,,,
corporate-booking-tool.html,section #adoption-narrative - Better booking tools create better adoption.,h3,Negotiated rates surface first,30,,,,,
corporate-booking-tool.html,section #adoption-narrative - Better booking tools create better adoption.,p,"Preferred supplier rates and corporate deals appear at the top of search results, where travelers actually see them. No more wasted negotiations.",145,,,,,
corporate-booking-tool.html,section #adoption-narrative - Better booking tools create better adoption.,h3,Booking data flows to finance,29,,,,,
corporate-booking-tool.html,section #adoption-narrative - Better booking tools create better adoption.,p,"Every booking carries cost center, GL code, and project tags directly into Akrapay for automated invoice reconciliation and VAT/GST recovery.",141,,,,,
corporate-booking-tool.html,"header .fcg-feature108-header - One tool, two experiences",div,Dual-Audience Platform,22,,,,,
corporate-booking-tool.html,"header .fcg-feature108-header - One tool, two experiences",h2,"One tool, two experiences",25,,,,,
corporate-booking-tool.html,"header .fcg-feature108-header - One tool, two experiences",p,"Travelers get a consumer-grade booking flow. Travel managers get policy control, approval workflows, negotiated-rate visibility, loyalty handling, payment controls, and consolidated reporting from the same real-time platform.",225,,,,,
corporate-booking-tool.html,"section #tabbed-features - One tool, two experiences",div[aria-label],Corporate Booking Tool capabilities,35,,,,,UX/accessibility attribute
corporate-booking-tool.html,"section #tabbed-features - One tool, two experiences",button,Traveler experience,19,,,,,
corporate-booking-tool.html,"section #tabbed-features - One tool, two experiences",button,Policy & approvals,18,,,,,
corporate-booking-tool.html,"section #tabbed-features - One tool, two experiences",button,Admin & reporting,17,,,,,
corporate-booking-tool.html,"section #tabbed-features - One tool, two experiences",button,Duty of care,12,,,,,
corporate-booking-tool.html,article #feature108-panel-traveler - Book a trip faster than writing an email.,div,Traveler Experience,19,,,,,
corporate-booking-tool.html,article #feature108-panel-traveler - Book a trip faster than writing an email.,h3,Book a trip faster than writing an email.,41,,,,,
corporate-booking-tool.html,article #feature108-panel-traveler - Book a trip faster than writing an email.,p,"Multi-modal search across flights, hotels, rail, and car rental. Mobile-first design, saved preferences, loyalty numbers, document storage, clear rate breakdowns, and availability confidence. Travelers see policy-compliant options first, with out-of-policy alternatives clearly flagged.",286,,,,,
corporate-booking-tool.html,article #feature108-panel-traveler - Book a trip faster than writing an email.,a,See full capabilities,21,,,,,
corporate-booking-tool.html,article #feature108-panel-traveler - Book a trip faster than writing an email.,div[aria-label],Traveler booking flow preview,29,,,,,UX/accessibility attribute
corporate-booking-tool.html,article #feature108-panel-traveler - Book a trip faster than writing an email.,strong,SIN → NRT Economy,17,,,,,
corporate-booking-tool.html,article #feature108-panel-traveler - Book a trip faster than writing an email.,small,"Singapore Airlines, direct, 6h 45m",34,,,,,
corporate-booking-tool.html,article #feature108-panel-traveler - Book a trip faster than writing an email.,strong,Hilton Tokyo Shinjuku,21,,,,,
corporate-booking-tool.html,article #feature108-panel-traveler - Book a trip faster than writing an email.,small,Corporate rate applied: $189/night,34,,,,,
corporate-booking-tool.html,article #feature108-panel-traveler - Book a trip faster than writing an email.,strong,Airport transfer NRT,20,,,,,
corporate-booking-tool.html,article #feature108-panel-traveler - Book a trip faster than writing an email.,small,"Pre-booked sedan, terminal 1 pickup",35,,,,,
corporate-booking-tool.html,article #feature108-panel-traveler - Book a trip faster than writing an email.,strong,<2 min,6,,,,,
corporate-booking-tool.html,article #feature108-panel-traveler - Book a trip faster than writing an email.,span,Average booking time,20,,,,,
corporate-booking-tool.html,article #feature108-panel-traveler - Book a trip faster than writing an email.,strong,3,1,,,,,
corporate-booking-tool.html,article #feature108-panel-traveler - Book a trip faster than writing an email.,span,Clicks to confirm,17,,,,,
corporate-booking-tool.html,article #feature108-panel-traveler - Book a trip faster than writing an email.,strong,100%,4,,,,,
corporate-booking-tool.html,article #feature108-panel-traveler - Book a trip faster than writing an email.,span,Mobile responsive,17,,,,,
corporate-booking-tool.html,"article #feature108-panel-policy - Enforce policy before the booking, not after the trip.",div,Policy Engine,13,,,,,
corporate-booking-tool.html,"article #feature108-panel-policy - Enforce policy before the booking, not after the trip.",h3,"Enforce policy before the booking, not after the trip.",54,,,,,
corporate-booking-tool.html,"article #feature108-panel-policy - Enforce policy before the booking, not after the trip.",p,"Define rules by entity, department, traveler grade, route, and supplier. Out-of-policy selections trigger multi-level approval workflows automatically. No more chasing violations through expense reports weeks later.",215,,,,,
corporate-booking-tool.html,"article #feature108-panel-policy - Enforce policy before the booking, not after the trip.",a,Explore policy controls,23,,,,,
corporate-booking-tool.html,"article #feature108-panel-policy - Enforce policy before the booking, not after the trip.",div[aria-label],Policy enforcement preview,26,,,,,UX/accessibility attribute
corporate-booking-tool.html,"article #feature108-panel-policy - Enforce policy before the booking, not after the trip.",strong,Cabin class rule,16,,,,,
corporate-booking-tool.html,"article #feature108-panel-policy - Enforce policy before the booking, not after the trip.",small,"Economy for flights under 6 hours, by grade",43,,,,,
corporate-booking-tool.html,"article #feature108-panel-policy - Enforce policy before the booking, not after the trip.",strong,Hotel rate cap,14,,,,,
corporate-booking-tool.html,"article #feature108-panel-policy - Enforce policy before the booking, not after the trip.",small,"Max $220/night Tokyo, $180/night Seoul",38,,,,,
corporate-booking-tool.html,"article #feature108-panel-policy - Enforce policy before the booking, not after the trip.",strong,Approval workflow,17,,,,,
corporate-booking-tool.html,"article #feature108-panel-policy - Enforce policy before the booking, not after the trip.",small,Manager → Finance → auto-approve if <$500,41,,,,,
corporate-booking-tool.html,"article #feature108-panel-policy - Enforce policy before the booking, not after the trip.",strong,92%,3,,,,,
corporate-booking-tool.html,"article #feature108-panel-policy - Enforce policy before the booking, not after the trip.",span,In-policy booking rate,22,,,,,
corporate-booking-tool.html,"article #feature108-panel-policy - Enforce policy before the booking, not after the trip.",strong,0,1,,,,,
corporate-booking-tool.html,"article #feature108-panel-policy - Enforce policy before the booking, not after the trip.",span,Retroactive audits needed,25,,,,,
corporate-booking-tool.html,"article #feature108-panel-policy - Enforce policy before the booking, not after the trip.",strong,Real-time,9,,,,,
corporate-booking-tool.html,"article #feature108-panel-policy - Enforce policy before the booking, not after the trip.",span,Enforcement,11,,,,,
corporate-booking-tool.html,article #feature108-panel-admin - One source of truth for travel spend.,div,Admin Dashboard,15,,,,,
corporate-booking-tool.html,article #feature108-panel-admin - One source of truth for travel spend.,h3,One source of truth for travel spend.,37,,,,,
corporate-booking-tool.html,article #feature108-panel-admin - One source of truth for travel spend.,p,"Consolidated reporting across all entities, departments, and cost centers. Track adoption rates, policy compliance, supplier utilization, payment status, negotiated-rate usage, and carbon footprint from a single dashboard. No more reconciling data across three systems.",269,,,,,
corporate-booking-tool.html,article #feature108-panel-admin - One source of truth for travel spend.,a,View reporting features,23,,,,,
corporate-booking-tool.html,article #feature108-panel-admin - One source of truth for travel spend.,div[aria-label],Admin reporting preview,23,,,,,UX/accessibility attribute
corporate-booking-tool.html,article #feature108-panel-admin - One source of truth for travel spend.,strong,Travel spend by entity,22,,,,,
corporate-booking-tool.html,article #feature108-panel-admin - One source of truth for travel spend.,small,"APAC HQ, Japan ops, Korea branch",32,,,,,
corporate-booking-tool.html,article #feature108-panel-admin - One source of truth for travel spend.,strong,Negotiated rate utilization,27,,,,,
corporate-booking-tool.html,article #feature108-panel-admin - One source of truth for travel spend.,small,Preferred suppliers vs. open market bookings,44,,,,,
corporate-booking-tool.html,article #feature108-panel-admin - One source of truth for travel spend.,strong,Carbon reporting,16,,,,,
corporate-booking-tool.html,article #feature108-panel-admin - One source of truth for travel spend.,small,"CO₂ per trip, per entity, per quarter",37,,,,,
corporate-booking-tool.html,article #feature108-panel-admin - One source of truth for travel spend.,strong,1,1,,,,,
corporate-booking-tool.html,article #feature108-panel-admin - One source of truth for travel spend.,span,Reporting source,16,,,,,
corporate-booking-tool.html,article #feature108-panel-admin - One source of truth for travel spend.,strong,Real-time,9,,,,,
corporate-booking-tool.html,article #feature108-panel-admin - One source of truth for travel spend.,span,Data refresh,12,,,,,
corporate-booking-tool.html,article #feature108-panel-admin - One source of truth for travel spend.,strong,Multi-entity,12,,,,,
corporate-booking-tool.html,article #feature108-panel-admin - One source of truth for travel spend.,span,Consolidation,13,,,,,
corporate-booking-tool.html,article #feature108-panel-dutyofcare - Know where every traveler is. Right now.,div,Duty of Care,12,,,,,
corporate-booking-tool.html,article #feature108-panel-dutyofcare - Know where every traveler is. Right now.,h3,Know where every traveler is. Right now.,40,,,,,
corporate-booking-tool.html,article #feature108-panel-dutyofcare - Know where every traveler is. Right now.,p,"Real-time traveler tracking from the moment a booking is confirmed. Location data, itinerary status, and emergency contact workflows built into every trip. Duty of care is structural, not an afterthought bolted on post-booking.",227,,,,,
corporate-booking-tool.html,article #feature108-panel-dutyofcare - Know where every traveler is. Right now.,a,See safety features,19,,,,,
corporate-booking-tool.html,article #feature108-panel-dutyofcare - Know where every traveler is. Right now.,div[aria-label],Duty of care preview,20,,,,,UX/accessibility attribute
corporate-booking-tool.html,article #feature108-panel-dutyofcare - Know where every traveler is. Right now.,strong,Active travelers,16,,,,,
corporate-booking-tool.html,article #feature108-panel-dutyofcare - Know where every traveler is. Right now.,small,"14 in transit, 23 at destination, 3 flagged",43,,,,,
corporate-booking-tool.html,article #feature108-panel-dutyofcare - Know where every traveler is. Right now.,strong,Risk alert: Tokyo,17,,,,,
corporate-booking-tool.html,article #feature108-panel-dutyofcare - Know where every traveler is. Right now.,small,"Typhoon warning, 3 travelers affected",37,,,,,
corporate-booking-tool.html,article #feature108-panel-dutyofcare - Know where every traveler is. Right now.,strong,Emergency contact,17,,,,,
corporate-booking-tool.html,article #feature108-panel-dutyofcare - Know where every traveler is. Right now.,small,One-click reach to affected travelers,37,,,,,
corporate-booking-tool.html,article #feature108-panel-dutyofcare - Know where every traveler is. Right now.,strong,Real-time,9,,,,,
corporate-booking-tool.html,article #feature108-panel-dutyofcare - Know where every traveler is. Right now.,span,Location tracking,17,,,,,
corporate-booking-tool.html,article #feature108-panel-dutyofcare - Know where every traveler is. Right now.,strong,Instant,7,,,,,
corporate-booking-tool.html,article #feature108-panel-dutyofcare - Know where every traveler is. Right now.,span,Risk notifications,18,,,,,
corporate-booking-tool.html,article #feature108-panel-dutyofcare - Know where every traveler is. Right now.,strong,Every trip,10,,,,,
corporate-booking-tool.html,article #feature108-panel-dutyofcare - Know where every traveler is. Right now.,span,Coverage,8,,,,,
corporate-booking-tool.html,header .fcg-bento-header - Everything a managed travel program needs.,div,Platform Capabilities,21,,,,,
corporate-booking-tool.html,header .fcg-bento-header - Everything a managed travel program needs.,h2,Everything a managed travel program needs.,42,,,,,
corporate-booking-tool.html,header .fcg-bento-header - Everything a managed travel program needs.,p,"Multi-modal booking, policy enforcement, merchandising controls, financial integration, loyalty, duty of care, and sustainability tracking in one platform built for complex corporate structures.",194,,,,,
corporate-booking-tool.html,"header .fcg-bento-card-header - Multi-modal booking across flights, hotels, rail, and car rental",h3,"Multi-modal booking across flights, hotels, rail, and car rental",64,,,,,
corporate-booking-tool.html,"header .fcg-bento-card-header - Multi-modal booking across flights, hotels, rail, and car rental",span,Core,4,,,,,
corporate-booking-tool.html,"article .fcg-bento-card .fcg-bento-card-large - Multi-modal booking across flights, hotels, rail, and car rental",p,"One search interface covers every travel mode. Travelers build complete itineraries without switching tools or calling their agent. NDC content, GDS fares, direct hotel rates, ground transport, add-ons, and preferred supplier offers appear in a single results view with policy compliance indicated on every option.",314,,,,,
corporate-booking-tool.html,header .fcg-bento-card-header - Multi-entity corporate structures,h3,Multi-entity corporate structures,33,,,,,
corporate-booking-tool.html,header .fcg-bento-card-header - Multi-entity corporate structures,span,Config,6,,,,,
corporate-booking-tool.html,article .fcg-bento-card .fcg-bento-card-small - Multi-entity corporate structures,p,"Support regional HQs, subsidiaries, and branch offices with separate policies, approval chains, cost centers, and reporting hierarchies under one deployment.",157,,,,,
corporate-booking-tool.html,header .fcg-bento-card-header - White-label deployment for TMCs,h3,White-label deployment for TMCs,31,,,,,
corporate-booking-tool.html,header .fcg-bento-card-header - White-label deployment for TMCs,span,Partner,7,,,,,
corporate-booking-tool.html,article .fcg-bento-card .fcg-bento-card-small - White-label deployment for TMCs,p,"TMCs deploy the booking tool under their own brand. Their corporate clients see the TMC identity. The TMC keeps the relationship, the data, and the margin.",155,,,,,
corporate-booking-tool.html,header .fcg-bento-card-header - Akrapay financial integration,h3,Akrapay financial integration,29,,,,,
corporate-booking-tool.html,header .fcg-bento-card-header - Akrapay financial integration,span,Finance,7,,,,,
corporate-booking-tool.html,article .fcg-bento-card .fcg-bento-card-wide - Akrapay financial integration,p,"Booking data flows directly into Akrapay for payment status, invoice reconciliation, VAT/GST recovery, refunds, settlement tracking, virtual card controls, and CO₂ reporting. Cost centers and GL codes are assigned at the moment of booking, not after.",250,,,,,
corporate-booking-tool.html,header .fcg-bento-card-header - Sustainability and carbon tracking,h3,Sustainability and carbon tracking,34,,,,,
corporate-booking-tool.html,header .fcg-bento-card-header - Sustainability and carbon tracking,span,ESG,3,,,,,
corporate-booking-tool.html,article .fcg-bento-card .fcg-bento-card-wide - Sustainability and carbon tracking,p,"CO₂ emissions calculated per booking. Eco-certified properties flagged in search results. Carbon reports exportable by entity, department, or period for ESG compliance.",168,,,,,
corporate-booking-tool.html,"header - Go live in weeks, not quarters.",div,Fast Implementation,19,,,,,
corporate-booking-tool.html,"header - Go live in weeks, not quarters.",h2,"Go live in weeks, not quarters.",31,,,,,
corporate-booking-tool.html,"header - Go live in weeks, not quarters.",p,"The Corporate Booking Tool is designed for rapid deployment. Your TMC configures policy rules, entity structures, and branding. Travelers start booking without a six-month migration project.",190,,,,,
corporate-booking-tool.html,"article .fcg-feature-row - Policy configuration, not custom development",h3,"Policy configuration, not custom development",44,,,,,
corporate-booking-tool.html,"article .fcg-feature-row - Policy configuration, not custom development",p,"Rules, approval chains, rate caps, and traveler grades are configured through the admin interface. No code, no vendor dependency for changes.",141,,,,,
corporate-booking-tool.html,article .fcg-feature-row - Traveler profiles with zero re-entry,h3,Traveler profiles with zero re-entry,36,,,,,
corporate-booking-tool.html,article .fcg-feature-row - Traveler profiles with zero re-entry,p,"Import traveler data, loyalty numbers, document details, and preferences. Travelers update their own profiles. No manual data re-keying from the old system.",156,,,,,
corporate-booking-tool.html,article .fcg-feature-row - Connect to existing systems,h3,Connect to existing systems,27,,,,,
corporate-booking-tool.html,article .fcg-feature-row - Connect to existing systems,p,"SSO, HR feeds, expense tools, and ERP integrations. The booking tool fits into your existing corporate technology stack, not the other way around.",146,,,,,
corporate-booking-tool.html,article .fcg-feature-row - APAC-depth supplier coverage,h3,APAC-depth supplier coverage,28,,,,,
corporate-booking-tool.html,article .fcg-feature-row - APAC-depth supplier coverage,p,"Deep hotel inventory across Singapore, Japan, South Korea, Hong Kong, and Southeast Asia. Regional content that global platforms miss, powered by G-Link and F-Link.",164,,,,,
corporate-booking-tool.html,"section #mobile-workflows - Go live in weeks, not quarters.",h3,Your travelers are already frustrated. Give them something better.,66,,,,,
corporate-booking-tool.html,"section #mobile-workflows - Go live in weeks, not quarters.",p,"The Corporate Booking Tool connects travelers to a modern, policy-compliant booking experience. TMCs deploy it under their brand. Corporates see adoption climb. Everyone stops chasing expense reports.",200,,,,,
corporate-booking-tool.html,"section #mobile-workflows - Go live in weeks, not quarters.",a,Request a demo,14,,,,,
corporate-booking-tool.html,"section #mobile-workflows - Go live in weeks, not quarters.",a,Explore features,16,,,,,
ai-mapping.html,Head metadata,title,AI Mapping - FCG Group,22,,,,,
ai-mapping.html,section #capabilities - Resolve hotel data into one clean identity.,span,Data Quality,12,,,,,
ai-mapping.html,section #capabilities - Resolve hotel data into one clean identity.,span,AI Mapping,10,,,,,
ai-mapping.html,section #capabilities - Resolve hotel data into one clean identity.,h1,Resolve hotel data into one clean identity.,43,,,,,
ai-mapping.html,section #capabilities - Resolve hotel data into one clean identity.,p,"AI Mapping standardizes property identity, room types, amenities, descriptions, images, and multilingual fields across providers, languages, and systems. Clean data feeds directly into G-Link.",192,,,,,
ai-mapping.html,section #capabilities - Resolve hotel data into one clean identity.,a,Request a data audit,20,,,,,
ai-mapping.html,section #capabilities - Resolve hotel data into one clean identity.,a,See how it works,16,,,,,
ai-mapping.html,section #decision-paths - Hotel data comes from five sources. None of it matches.,div,The Problem,11,,,,,
ai-mapping.html,section #decision-paths - Hotel data comes from five sources. None of it matches.,h2,Hotel data comes from five sources. None of it matches.,55,,,,,
ai-mapping.html,article .product-card - Duplicate properties across providers,div,Pain 01,7,,,,,
ai-mapping.html,article .product-card - Duplicate properties across providers,h3,Duplicate properties across providers,37,,,,,
ai-mapping.html,article .product-card - Duplicate properties across providers,p,"Same hotel appears under different names from GDS, bedbanks, and direct connections. Reports are wrong. Rate matching breaks. Travelers see the same hotel three times at three different prices.",193,,,,,
ai-mapping.html,article .product-card - Duplicate properties across providers,div,Impact,6,,,,,
ai-mapping.html,article .product-card - Duplicate properties across providers,div,"Broken reporting, inflated inventory, rate leakage",50,,,,,
ai-mapping.html,article .product-card - Duplicate properties across providers,p,"Every duplicate property multiplies downstream errors across booking, invoicing, and compliance workflows.",106,,,,,
ai-mapping.html,article .product-card - Cross-language naming chaos,div,Pain 02,7,,,,,
ai-mapping.html,article .product-card - Cross-language naming chaos,h3,Cross-language naming chaos,27,,,,,
ai-mapping.html,article .product-card - Cross-language naming chaos,p,"APAC properties have names in Japanese, Korean, Chinese, Thai, and English. Different transliterations. Different conventions. No standard identity across any of them.",167,,,,,
ai-mapping.html,article .product-card - Cross-language naming chaos,div,Impact,6,,,,,
ai-mapping.html,article .product-card - Cross-language naming chaos,div,"Unmatchable properties, regional blind spots",44,,,,,
ai-mapping.html,article .product-card - Cross-language naming chaos,p,Manual matching across languages does not scale. Properties fall through the cracks in every APAC market.,105,,,,,
ai-mapping.html,article .product-card - Room-level confusion,div,Pain 03,7,,,,,
ai-mapping.html,article .product-card - Room-level confusion,h3,Room-level confusion,20,,,,,
ai-mapping.html,article .product-card - Room-level confusion,p,"Same room type labeled differently by each provider. ""Superior Double"" vs ""Deluxe King"" vs ""Standard Room - King Bed"" -- all the same room. Rate comparison and booking accuracy collapse.",186,,,,,
ai-mapping.html,article .product-card - Room-level confusion,div,Impact,6,,,,,
ai-mapping.html,article .product-card - Room-level confusion,div,"Rate comparison fails, booking errors increase",46,,,,,
ai-mapping.html,article .product-card - Room-level confusion,p,"Without unified room types, every price comparison is unreliable and every booking carries mismatch risk.",105,,,,,
ai-mapping.html,section #product-map - AI resolves the mess so the program runs on clean data.,div,The Solution,12,,,,,
ai-mapping.html,section #product-map - AI resolves the mess so the program runs on clean data.,h2,AI resolves the mess so the program runs on clean data.,55,,,,,
ai-mapping.html,section #product-map - AI resolves the mess so the program runs on clean data.,p,"More than aggregation. AI Mapping resolves and enriches every property, room, image, description, amenity, and language variant across providers and naming conventions.",168,,,,,
ai-mapping.html,article .product-card - Property-level matching,div,Capability 01,13,,,,,
ai-mapping.html,article .product-card - Property-level matching,h3,Property-level matching,23,,,,,
ai-mapping.html,article .product-card - Property-level matching,p,"AI resolves same-hotel-different-name across providers, languages, addresses, geo-coordinates, star ratings, and naming conventions into a single identity. One property record, regardless of source.",198,,,,,
ai-mapping.html,article .product-card - Property-level matching,li,Cross-provider identity resolution,34,,,,,
ai-mapping.html,article .product-card - Property-level matching,li,"Address, geo, star rating, review, and metadata matching",56,,,,,
ai-mapping.html,article .product-card - Property-level matching,li,Confidence scoring on every match,33,,,,,
ai-mapping.html,article .product-card - Room-level deduplication,div,Capability 02,13,,,,,
ai-mapping.html,article .product-card - Room-level deduplication,h3,Room-level deduplication,24,,,,,
ai-mapping.html,article .product-card - Room-level deduplication,p,"Unify room types across provider-specific labels so rate comparison is accurate. ""Superior Double"" and ""Deluxe King"" resolve to one room when they are one room, while true differences such as bed type, view, inclusion, and cancellation terms stay visible.",255,,,,,
ai-mapping.html,article .product-card - Room-level deduplication,li,Label normalization across suppliers,36,,,,,
ai-mapping.html,article .product-card - Room-level deduplication,li,"Bed type, view, and amenity resolution",38,,,,,
ai-mapping.html,article .product-card - Room-level deduplication,li,"Accurate rate comparison per room class, inclusion, and cancellation policy",75,,,,,
ai-mapping.html,article .product-card - Cross-language resolution,div,Capability 03,13,,,,,
ai-mapping.html,article .product-card - Cross-language resolution,h3,Cross-language resolution,25,,,,,
ai-mapping.html,article .product-card - Cross-language resolution,p,"Handle Japanese, Korean, Chinese, Thai, and English property naming with AI that understands transliteration patterns, character sets, and regional conventions.",160,,,,,
ai-mapping.html,article .product-card - Cross-language resolution,li,Multi-script property name matching,35,,,,,
ai-mapping.html,article .product-card - Cross-language resolution,li,Transliteration-aware resolution,32,,,,,
ai-mapping.html,article .product-card - Cross-language resolution,li,APAC market depth across 5+ languages,37,,,,,
ai-mapping.html,article .product-card - Content optimization & G-Link integration,div,Capability 04,13,,,,,
ai-mapping.html,article .product-card - Content optimization & G-Link integration,h3,Content optimization & G-Link integration,41,,,,,
ai-mapping.html,article .product-card - Content optimization & G-Link integration,p,"Clean, resolved data feeds directly into the supply layer. Every downstream product gets accurate content, standardized images, AI-assisted descriptions, amenities, facilities, and multilingual variants.",203,,,,,
ai-mapping.html,article .product-card - Content optimization & G-Link integration,li,Direct feed into G-Link supply infrastructure,45,,,,,
ai-mapping.html,article .product-card - Content optimization & G-Link integration,li,"Content enrichment, amenity normalization, image quality checks, and gallery ordering",85,,,,,
ai-mapping.html,article .product-card - Content optimization & G-Link integration,li,"Provider-agnostic: GDS, bedbanks, OTAs, direct, and regional supplier feeds",75,,,,,
ai-mapping.html,header .fcg-feature108-header - Clean content. Accurate rates. Bookable inventory.,div,The Result,10,,,,,
ai-mapping.html,header .fcg-feature108-header - Clean content. Accurate rates. Bookable inventory.,h2,Clean content. Accurate rates. Bookable inventory.,50,,,,,
ai-mapping.html,header .fcg-feature108-header - Clean content. Accurate rates. Bookable inventory.,p,"See what happens when fragmented hotel data runs through AI Mapping: messy input becomes resolved, enriched, multilingual, image-ranked supply.",143,,,,,
ai-mapping.html,section #performance-signals - Clean content. Accurate rates. Bookable inventory.,div[aria-label],Data quality transformation,27,,,,,UX/accessibility attribute
ai-mapping.html,section #performance-signals - Clean content. Accurate rates. Bookable inventory.,button,Before,6,,,,,
ai-mapping.html,section #performance-signals - Clean content. Accurate rates. Bookable inventory.,button,Resolution,10,,,,,
ai-mapping.html,section #performance-signals - Clean content. Accurate rates. Bookable inventory.,button,After,5,,,,,
ai-mapping.html,"article #feature108-panel-before - The same hotel, three times, at three different prices.",div,Fragmented Data,15,,,,,
ai-mapping.html,"article #feature108-panel-before - The same hotel, three times, at three different prices.",h3,"The same hotel, three times, at three different prices.",55,,,,,
ai-mapping.html,"article #feature108-panel-before - The same hotel, three times, at three different prices.",p,"Property data arrives from GDS, bedbanks, and direct connections with different names, addresses, and room labels. Reports are unreliable. Rate matching is manual. Travelers see duplicates.",189,,,,,
ai-mapping.html,"article #feature108-panel-before - The same hotel, three times, at three different prices.",a,See the problem,15,,,,,
ai-mapping.html,"article #feature108-panel-before - The same hotel, three times, at three different prices.",div[aria-label],Fragmented data preview,23,,,,,UX/accessibility attribute
ai-mapping.html,"article #feature108-panel-before - The same hotel, three times, at three different prices.",strong,Hotel Nikko Tokyo,17,,,,,
ai-mapping.html,"article #feature108-panel-before - The same hotel, three times, at three different prices.",small,"Provider A -- GDS name, English",31,,,,,
ai-mapping.html,"article #feature108-panel-before - The same hotel, three times, at three different prices.",strong,Nikko Tokyo Hotel,17,,,,,
ai-mapping.html,"article #feature108-panel-before - The same hotel, three times, at three different prices.",small,"Provider B -- Bedbank name, reversed",36,,,,,
ai-mapping.html,"article #feature108-panel-before - The same hotel, three times, at three different prices.",strong,ニッコー東京,6,,,,,
ai-mapping.html,"article #feature108-panel-before - The same hotel, three times, at three different prices.",small,"Provider C -- Japanese name, direct",35,,,,,
ai-mapping.html,"article #feature108-panel-before - The same hotel, three times, at three different prices.",strong,34%,3,,,,,
ai-mapping.html,"article #feature108-panel-before - The same hotel, three times, at three different prices.",span,Duplicate rate,14,,,,,
ai-mapping.html,"article #feature108-panel-before - The same hotel, three times, at three different prices.",strong,5+,2,,,,,
ai-mapping.html,"article #feature108-panel-before - The same hotel, three times, at three different prices.",span,Provider sources,16,,,,,
ai-mapping.html,"article #feature108-panel-before - The same hotel, three times, at three different prices.",strong,Manual,6,,,,,
ai-mapping.html,"article #feature108-panel-before - The same hotel, three times, at three different prices.",span,Matching method,15,,,,,
ai-mapping.html,"article #feature108-panel-resolution - AI matches across names, languages, and providers.",div,AI Resolution,13,,,,,
ai-mapping.html,"article #feature108-panel-resolution - AI matches across names, languages, and providers.",h3,"AI matches across names, languages, and providers.",50,,,,,
ai-mapping.html,"article #feature108-panel-resolution - AI matches across names, languages, and providers.",p,"AI Mapping compares property names, addresses, geo-coordinates, star ratings, room labels, amenities, images, and metadata across every source. Cross-language transliteration resolves Japanese, Korean, Chinese, and Thai naming into unified records.",248,,,,,
ai-mapping.html,"article #feature108-panel-resolution - AI matches across names, languages, and providers.",a,View capabilities,17,,,,,
ai-mapping.html,"article #feature108-panel-resolution - AI matches across names, languages, and providers.",div[aria-label],AI resolution preview,21,,,,,UX/accessibility attribute
ai-mapping.html,"article #feature108-panel-resolution - AI matches across names, languages, and providers.",strong,Property match detected,23,,,,,
ai-mapping.html,"article #feature108-panel-resolution - AI matches across names, languages, and providers.",small,3 sources resolved to 1 identity,32,,,,,
ai-mapping.html,"article #feature108-panel-resolution - AI matches across names, languages, and providers.",strong,Cross-language resolution,25,,,,,
ai-mapping.html,"article #feature108-panel-resolution - AI matches across names, languages, and providers.",small,JA / EN / KO transliteration matched,36,,,,,
ai-mapping.html,"article #feature108-panel-resolution - AI matches across names, languages, and providers.",strong,Room type unification,21,,,,,
ai-mapping.html,"article #feature108-panel-resolution - AI matches across names, languages, and providers.",small,4 labels mapped to 2 room classes,33,,,,,
ai-mapping.html,"article #feature108-panel-resolution - AI matches across names, languages, and providers.",strong,98.7%,5,,,,,
ai-mapping.html,"article #feature108-panel-resolution - AI matches across names, languages, and providers.",span,Match confidence,16,,,,,
ai-mapping.html,"article #feature108-panel-resolution - AI matches across names, languages, and providers.",strong,12K,3,,,,,
ai-mapping.html,"article #feature108-panel-resolution - AI matches across names, languages, and providers.",span,Properties resolved,19,,,,,
ai-mapping.html,"article #feature108-panel-resolution - AI matches across names, languages, and providers.",strong,5,1,,,,,
ai-mapping.html,"article #feature108-panel-resolution - AI matches across names, languages, and providers.",span,Languages processed,19,,,,,
ai-mapping.html,article #feature108-panel-after - One property. One identity. Fed directly into G-Link.,div,Clean Supply,12,,,,,
ai-mapping.html,article #feature108-panel-after - One property. One identity. Fed directly into G-Link.,h3,One property. One identity. Fed directly into G-Link.,53,,,,,
ai-mapping.html,article #feature108-panel-after - One property. One identity. Fed directly into G-Link.,p,"Resolved properties flow into the supply layer with standardized content, accurate rates, unified room types, cleaner images, AI-assisted descriptions, and multilingual fields. Reporting is reliable. Rate matching works. No more duplicate listings.",248,,,,,
ai-mapping.html,article #feature108-panel-after - One property. One identity. Fed directly into G-Link.,a,Request data audit,18,,,,,
ai-mapping.html,article #feature108-panel-after - One property. One identity. Fed directly into G-Link.,div[aria-label],Clean supply output preview,27,,,,,UX/accessibility attribute
ai-mapping.html,article #feature108-panel-after - One property. One identity. Fed directly into G-Link.,strong,Hotel Nikko Tokyo,17,,,,,
ai-mapping.html,article #feature108-panel-after - One property. One identity. Fed directly into G-Link.,small,"Unified record -- 3 providers, 1 identity",41,,,,,
ai-mapping.html,article #feature108-panel-after - One property. One identity. Fed directly into G-Link.,strong,G-Link feed active,18,,,,,
ai-mapping.html,article #feature108-panel-after - One property. One identity. Fed directly into G-Link.,small,"Content, rates, and availability synced",39,,,,,
ai-mapping.html,article #feature108-panel-after - One property. One identity. Fed directly into G-Link.,strong,Downstream accuracy,19,,,,,
ai-mapping.html,article #feature108-panel-after - One property. One identity. Fed directly into G-Link.,small,"Booking, reporting, and rate match verified",43,,,,,
ai-mapping.html,article #feature108-panel-after - One property. One identity. Fed directly into G-Link.,strong,97%,3,,,,,
ai-mapping.html,article #feature108-panel-after - One property. One identity. Fed directly into G-Link.,span,Clean content rate,18,,,,,
ai-mapping.html,article #feature108-panel-after - One property. One identity. Fed directly into G-Link.,strong,3x,2,,,,,
ai-mapping.html,article #feature108-panel-after - One property. One identity. Fed directly into G-Link.,span,Faster rate matching,20,,,,,
ai-mapping.html,article #feature108-panel-after - One property. One identity. Fed directly into G-Link.,strong,0,1,,,,,
ai-mapping.html,article #feature108-panel-after - One property. One identity. Fed directly into G-Link.,span,Duplicate listings,18,,,,,
ai-mapping.html,header - See the difference on your own data.,div,Get Started,11,,,,,
ai-mapping.html,header - See the difference on your own data.,h2,See the difference on your own data.,36,,,,,
ai-mapping.html,header - See the difference on your own data.,p,"Request a data quality audit. We will run your property data through AI Mapping and show how many duplicates, mismatches, and naming conflicts exist, plus what clean supply looks like.",184,,,,,
ai-mapping.html,article .fcg-feature-row - Upload your property data,h3,Upload your property data,25,,,,,
ai-mapping.html,article .fcg-feature-row - Upload your property data,p,"Start with a sample set from your existing providers. Any format, any number of sources.",88,,,,,
ai-mapping.html,article .fcg-feature-row - Review the mapping results,h3,Review the mapping results,26,,,,,
ai-mapping.html,article .fcg-feature-row - Review the mapping results,p,"See exactly which properties were duplicated, misnamed, or fragmented -- and how AI Mapping resolved them.",106,,,,,
ai-mapping.html,article .fcg-feature-row - Connect clean data to G-Link,h3,Connect clean data to G-Link,28,,,,,
ai-mapping.html,article .fcg-feature-row - Connect clean data to G-Link,p,Resolved properties flow into the supply layer automatically. Every downstream product gets accurate content.,109,,,,,
ai-mapping.html,section #get-started - See the difference on your own data.,h3,Run your data through AI Mapping.,33,,,,,
ai-mapping.html,section #get-started - See the difference on your own data.,p,See how many duplicates and naming conflicts exist in your property data before making any changes to your workflow.,116,,,,,
ai-mapping.html,section #get-started - See the difference on your own data.,a,Request data audit,18,,,,,
ai-mapping.html,section #get-started - See the difference on your own data.,a,Talk to the team,16,,,,,
whitelabel.html,Head metadata,title,FCG Group - Whitelabel,22,,,,,
whitelabel.html,section #capabilities - Launch travel inside your brand.,a,Connect: For Builders & Platforms,33,,,,,
whitelabel.html,section #capabilities - Launch travel inside your brand.,h1,Launch travel inside your brand.,32,,,,,
whitelabel.html,section #capabilities - Launch travel inside your brand.,p,"Whitelabel helps fintech apps, rewards portals, super-apps, creators, and corporate card companies offer flights, hotels, and ground transport without building travel infrastructure. Your brand runs on FCG supply, payments, analytics, promo tools, and storefront controls. Live in weeks.",287,,,,,
whitelabel.html,section #capabilities - Launch travel inside your brand.,a,Get started,11,,,,,
whitelabel.html,section #capabilities - Launch travel inside your brand.,a,See how it works,16,,,,,
whitelabel.html,section #capabilities - Launch travel inside your brand.,img[alt],Travel operations dashboard preview,35,,,,,UX/accessibility attribute
whitelabel.html,section - Powering travel for leading platforms,section[aria-label],Trusted by experts,18,,,,,UX/accessibility attribute
whitelabel.html,section - Powering travel for leading platforms,h2,Powering travel for leading platforms,37,,,,,
whitelabel.html,section - Powering travel for leading platforms,img[alt],Turso logo,10,,,,,UX/accessibility attribute
whitelabel.html,section - Powering travel for leading platforms,img[alt],Vercel logo,11,,,,,UX/accessibility attribute
whitelabel.html,section - Powering travel for leading platforms,img[alt],GitHub logo,11,,,,,UX/accessibility attribute
whitelabel.html,section - Powering travel for leading platforms,img[alt],Claude AI logo,14,,,,,UX/accessibility attribute
whitelabel.html,section - Powering travel for leading platforms,img[alt],Clerk logo,10,,,,,UX/accessibility attribute
whitelabel.html,section - Powering travel for leading platforms,img[alt],Nvidia logo,11,,,,,UX/accessibility attribute
whitelabel.html,section - Powering travel for leading platforms,img[alt],Supabase logo,13,,,,,UX/accessibility attribute
whitelabel.html,section - Powering travel for leading platforms,img[alt],OpenAI logo,11,,,,,UX/accessibility attribute
whitelabel.html,section #decision-paths - Four types of companies that launch with Whitelabel.,div,Who This Is For,15,,,,,
whitelabel.html,section #decision-paths - Four types of companies that launch with Whitelabel.,h2,Four types of companies that launch with Whitelabel.,52,,,,,
whitelabel.html,article .product-card - Fintech & banking apps,div,Buyer 01,8,,,,,
whitelabel.html,article .product-card - Fintech & banking apps,h3,Fintech & banking apps,22,,,,,
whitelabel.html,article .product-card - Fintech & banking apps,p,"You have a card product, rewards balance, or lifestyle app. Travel is the feature customers keep asking for. Whitelabel connects it in weeks.",141,,,,,
whitelabel.html,article .product-card - Fintech & banking apps,div,Recommended configuration,25,,,,,
whitelabel.html,article .product-card - Fintech & banking apps,div,Whitelabel + Akrapay payment layer,34,,,,,
whitelabel.html,article .product-card - Fintech & banking apps,p,"Branded booking with integrated payment processing, invoicing, and financial reconciliation.",92,,,,,
whitelabel.html,article .product-card - Super-apps & lifestyle platforms,div,Buyer 02,8,,,,,
whitelabel.html,article .product-card - Super-apps & lifestyle platforms,h3,Super-apps & lifestyle platforms,32,,,,,
whitelabel.html,article .product-card - Super-apps & lifestyle platforms,p,"Your users already book rides, order food, and manage money inside your app. Travel becomes the next vertical, powered by deep APAC inventory without supplier integrations.",172,,,,,
whitelabel.html,article .product-card - Super-apps & lifestyle platforms,div,Recommended configuration,25,,,,,
whitelabel.html,article .product-card - Super-apps & lifestyle platforms,div,Whitelabel + G-Link hotel supply + F-Link flights,49,,,,,
whitelabel.html,article .product-card - Super-apps & lifestyle platforms,p,"Full travel vertical with deep APAC supply. Flights, hotels, and ground transport under your brand.",99,,,,,
whitelabel.html,article .product-card - Loyalty & rewards programs,div,Buyer 03,8,,,,,
whitelabel.html,article .product-card - Loyalty & rewards programs,h3,Loyalty & rewards programs,26,,,,,
whitelabel.html,article .product-card - Loyalty & rewards programs,p,Your members earn points but need better ways to redeem them. A travel portal drives engagement and retention without turning you into a travel company.,152,,,,,
whitelabel.html,article .product-card - Loyalty & rewards programs,div,Recommended configuration,25,,,,,
whitelabel.html,article .product-card - Loyalty & rewards programs,div,Whitelabel + points redemption logic + G-Link,45,,,,,
whitelabel.html,article .product-card - Loyalty & rewards programs,p,Branded travel redemption experience with 1M+ hotel properties connected through G-Link.,88,,,,,
whitelabel.html,article .product-card - Creators & travel media brands,div,Buyer 04,8,,,,,
whitelabel.html,article .product-card - Creators & travel media brands,h3,Creators & travel media brands,30,,,,,
whitelabel.html,article .product-card - Creators & travel media brands,p,"You already influence where people want to go. Whitelabel lets you turn curated hotels, destination guides, and campaign pages into a branded booking business instead of sending traffic away.",191,,,,,
whitelabel.html,article .product-card - Creators & travel media brands,div,Recommended configuration,25,,,,,
whitelabel.html,article .product-card - Creators & travel media brands,div,Creator storefront with curated collections,43,,,,,
whitelabel.html,article .product-card - Creators & travel media brands,p,"Campaign landing pages, promo modules, custom collections, conversion tracking, and transparent booking revenue under your own brand.",133,,,,,
whitelabel.html,section #product-map - Four layers. One branded travel product.,div,What's Included,15,,,,,
whitelabel.html,section #product-map - Four layers. One branded travel product.,h2,Four layers. One branded travel product.,40,,,,,
whitelabel.html,section #product-map - Four layers. One branded travel product.,p,"Everything needed to offer flights, hotels, and ground transport: storefront, supply, payments, promo tools, analytics, and operating support without building the infrastructure yourself.",187,,,,,
whitelabel.html,article .product-card - Branded Booking,div,Layer 01,8,,,,,
whitelabel.html,article .product-card - Branded Booking,h3,Branded Booking,15,,,,,
whitelabel.html,article .product-card - Branded Booking,p,"A fully branded booking experience your customers see as yours. Flights, hotels, and ground transport in one interface with your logo, colors, domain, campaign pages, promo modules, and curated travel content.",209,,,,,
whitelabel.html,article .product-card - Branded Booking,li,"Full visual customization across logo, color, typography, and domain",68,,,,,
whitelabel.html,article .product-card - Branded Booking,li,"Multi-product search: flights, hotels, ground transport",55,,,,,
whitelabel.html,article .product-card - Branded Booking,li,"Mobile-responsive, consumer-grade booking flow",46,,,,,
whitelabel.html,article .product-card - Supply Connected,div,Layer 02,8,,,,,
whitelabel.html,article .product-card - Supply Connected,h3,Supply Connected,16,,,,,
whitelabel.html,article .product-card - Supply Connected,p,"Every search connects to G-Link and F-Link, FCG's hotel and flight supply layer. 1M+ properties. Every major airline. Deduplicated, normalized, commercially ready.",163,,,,,
whitelabel.html,article .product-card - Supply Connected,li,"G-Link: GDS, bedbank, and direct hotel content in one feed",58,,,,,
whitelabel.html,article .product-card - Supply Connected,li,"F-Link: GDS, NDC, and LCC direct in one standardized feed",57,,,,,
whitelabel.html,article .product-card - Supply Connected,li,Deep APAC supply connected to global inventory,46,,,,,
whitelabel.html,article .product-card - Payment Infrastructure,div,Layer 03,8,,,,,
whitelabel.html,article .product-card - Payment Infrastructure,h3,Payment Infrastructure,22,,,,,
whitelabel.html,article .product-card - Payment Infrastructure,p,"Akrapay handles the financial layer: payment processing, invoice capture, booking reconciliation, tax recovery, refunds, virtual cards, fraud controls, and settlement.",167,,,,,
whitelabel.html,article .product-card - Payment Infrastructure,li,Invoice ingestion and AI classification,39,,,,,
whitelabel.html,article .product-card - Payment Infrastructure,li,VAT/GST recovery across jurisdictions,37,,,,,
whitelabel.html,article .product-card - Payment Infrastructure,li,ERP integration for accounting workflows,40,,,,,
whitelabel.html,article .product-card - Launch & Scale,div,Layer 04,8,,,,,
whitelabel.html,article .product-card - Launch & Scale,h3,Launch & Scale,14,,,,,
whitelabel.html,article .product-card - Launch & Scale,p,"Go live in weeks, not quarters. Zero engineering maintenance on your side. FCG handles supply updates, content quality, platform uptime, analytics, and operational workflows. You handle the brand and the customers.",214,,,,,
whitelabel.html,article .product-card - Launch & Scale,li,"Weeks to launch, not months of engineering",42,,,,,
whitelabel.html,article .product-card - Launch & Scale,li,Ongoing supply and content maintenance by FCG,45,,,,,
whitelabel.html,article .product-card - Launch & Scale,li,Scale to new markets without new integrations,45,,,,,
whitelabel.html,header .fcg-feature108-header - Three steps from brand to bookable product.,div,How It Works,12,,,,,
whitelabel.html,header .fcg-feature108-header - Three steps from brand to bookable product.,h2,Three steps from brand to bookable product.,43,,,,,
whitelabel.html,header .fcg-feature108-header - Three steps from brand to bookable product.,p,"Whitelabel connects your brand to FCG's supply infrastructure. No engineering build. No supplier integrations. Configure the storefront, connect supply and payments, launch campaigns, then track bookings and revenue.",216,,,,,
whitelabel.html,section #performance-signals - Three steps from brand to bookable product.,div[aria-label],Whitelabel launch steps,23,,,,,UX/accessibility attribute
whitelabel.html,section #performance-signals - Three steps from brand to bookable product.,button,Connect your brand,18,,,,,
whitelabel.html,section #performance-signals - Three steps from brand to bookable product.,button,Activate supply,15,,,,,
whitelabel.html,section #performance-signals - Three steps from brand to bookable product.,button,Go live,7,,,,,
whitelabel.html,article #feature108-panel-options - Your identity. Your domain. Your customer experience.,div,Step 01: Brand,14,,,,,
whitelabel.html,article #feature108-panel-options - Your identity. Your domain. Your customer experience.,h3,Your identity. Your domain. Your customer experience.,53,,,,,
whitelabel.html,article #feature108-panel-options - Your identity. Your domain. Your customer experience.,p,"Configure the booking platform with your logo, colors, typography, domain, SEO landing pages, campaign modules, and curated collections. The customer experience is fully yours with no FCG branding visible.",205,,,,,
whitelabel.html,article #feature108-panel-options - Your identity. Your domain. Your customer experience.,a,Start configuration,19,,,,,
whitelabel.html,article #feature108-panel-options - Your identity. Your domain. Your customer experience.,div[aria-label],Brand configuration preview,27,,,,,UX/accessibility attribute
whitelabel.html,article #feature108-panel-options - Your identity. Your domain. Your customer experience.,strong,Brand identity applied,22,,,,,
whitelabel.html,article #feature108-panel-options - Your identity. Your domain. Your customer experience.,small,"Logo, colors, typography, and domain configured",47,,,,,
whitelabel.html,article #feature108-panel-options - Your identity. Your domain. Your customer experience.,strong,Mobile experience,17,,,,,
whitelabel.html,article #feature108-panel-options - Your identity. Your domain. Your customer experience.,small,Responsive booking flow across all devices,42,,,,,
whitelabel.html,article #feature108-panel-options - Your identity. Your domain. Your customer experience.,strong,Custom domain,13,,,,,
whitelabel.html,article #feature108-panel-options - Your identity. Your domain. Your customer experience.,small,travel.yourbrand.com configured and live,40,,,,,
whitelabel.html,article #feature108-panel-options - Your identity. Your domain. Your customer experience.,strong,100%,4,,,,,
whitelabel.html,article #feature108-panel-options - Your identity. Your domain. Your customer experience.,span,Your brand,10,,,,,
whitelabel.html,article #feature108-panel-options - Your identity. Your domain. Your customer experience.,strong,0,1,,,,,
whitelabel.html,article #feature108-panel-options - Your identity. Your domain. Your customer experience.,span,FCG branding,12,,,,,
whitelabel.html,article #feature108-panel-options - Your identity. Your domain. Your customer experience.,strong,Days,4,,,,,
whitelabel.html,article #feature108-panel-options - Your identity. Your domain. Your customer experience.,span,To configure,12,,,,,
whitelabel.html,article #feature108-panel-workflows - G-Link and F-Link connect underneath.,div,Step 02: Supply,15,,,,,
whitelabel.html,article #feature108-panel-workflows - G-Link and F-Link connect underneath.,h3,G-Link and F-Link connect underneath.,37,,,,,
whitelabel.html,article #feature108-panel-workflows - G-Link and F-Link connect underneath.,p,"Every search your customers run flows through FCG's supply layer. 1M+ hotel properties through G-Link. Every major airline through F-Link. Deduplicated, normalized, commercially ready. No supplier integrations on your side.",223,,,,,
whitelabel.html,article #feature108-panel-workflows - G-Link and F-Link connect underneath.,a,See what's included,19,,,,,
whitelabel.html,article #feature108-panel-workflows - G-Link and F-Link connect underneath.,div[aria-label],Supply activation preview,25,,,,,UX/accessibility attribute
whitelabel.html,article #feature108-panel-workflows - G-Link and F-Link connect underneath.,strong,G-Link connected,16,,,,,
whitelabel.html,article #feature108-panel-workflows - G-Link and F-Link connect underneath.,small,"1M+ hotel properties, deduplicated and bookable",47,,,,,
whitelabel.html,article #feature108-panel-workflows - G-Link and F-Link connect underneath.,strong,F-Link connected,16,,,,,
whitelabel.html,article #feature108-panel-workflows - G-Link and F-Link connect underneath.,small,"GDS, NDC, and LCC direct in one feed",36,,,,,
whitelabel.html,article #feature108-panel-workflows - G-Link and F-Link connect underneath.,strong,Akrapay connected,17,,,,,
whitelabel.html,article #feature108-panel-workflows - G-Link and F-Link connect underneath.,small,Payment processing and financial reconciliation,47,,,,,
whitelabel.html,article #feature108-panel-workflows - G-Link and F-Link connect underneath.,strong,1M+,3,,,,,
whitelabel.html,article #feature108-panel-workflows - G-Link and F-Link connect underneath.,span,Properties,10,,,,,
whitelabel.html,article #feature108-panel-workflows - G-Link and F-Link connect underneath.,strong,0,1,,,,,
whitelabel.html,article #feature108-panel-workflows - G-Link and F-Link connect underneath.,span,Integrations to build,21,,,,,
whitelabel.html,article #feature108-panel-workflows - G-Link and F-Link connect underneath.,strong,APAC,4,,,,,
whitelabel.html,article #feature108-panel-workflows - G-Link and F-Link connect underneath.,span,Native depth,12,,,,,
whitelabel.html,article #feature108-panel-rollouts - Live in weeks. Zero engineering maintenance.,div,Step 03: Launch,15,,,,,
whitelabel.html,article #feature108-panel-rollouts - Live in weeks. Zero engineering maintenance.,h3,Live in weeks. Zero engineering maintenance.,44,,,,,
whitelabel.html,article #feature108-panel-rollouts - Live in weeks. Zero engineering maintenance.,p,"Your branded travel product goes live. FCG handles supply updates, content quality, rate management, platform uptime, reporting, and operational workflows. You focus on customers and growth. Scale to new markets without new integration projects.",245,,,,,
whitelabel.html,article #feature108-panel-rollouts - Live in weeks. Zero engineering maintenance.,a,Get started,11,,,,,
whitelabel.html,article #feature108-panel-rollouts - Live in weeks. Zero engineering maintenance.,div[aria-label],Launch preview,14,,,,,UX/accessibility attribute
whitelabel.html,article #feature108-panel-rollouts - Live in weeks. Zero engineering maintenance.,strong,Product launched,16,,,,,
whitelabel.html,article #feature108-panel-rollouts - Live in weeks. Zero engineering maintenance.,small,Branded travel experience live for customers,44,,,,,
whitelabel.html,article #feature108-panel-rollouts - Live in weeks. Zero engineering maintenance.,strong,Ongoing maintenance,19,,,,,
whitelabel.html,article #feature108-panel-rollouts - Live in weeks. Zero engineering maintenance.,small,"Supply, content, and platform managed by FCG",44,,,,,
whitelabel.html,article #feature108-panel-rollouts - Live in weeks. Zero engineering maintenance.,strong,Market expansion,16,,,,,
whitelabel.html,article #feature108-panel-rollouts - Live in weeks. Zero engineering maintenance.,small,Add new regions without new integrations,40,,,,,
whitelabel.html,article #feature108-panel-rollouts - Live in weeks. Zero engineering maintenance.,strong,Weeks,5,,,,,
whitelabel.html,article #feature108-panel-rollouts - Live in weeks. Zero engineering maintenance.,span,To launch,9,,,,,
whitelabel.html,article #feature108-panel-rollouts - Live in weeks. Zero engineering maintenance.,strong,0,1,,,,,
whitelabel.html,article #feature108-panel-rollouts - Live in weeks. Zero engineering maintenance.,span,Eng maintenance,15,,,,,
whitelabel.html,article #feature108-panel-rollouts - Live in weeks. Zero engineering maintenance.,strong,24/7,4,,,,,
whitelabel.html,article #feature108-panel-rollouts - Live in weeks. Zero engineering maintenance.,span,FCG support,11,,,,,
whitelabel.html,article #solution-panel-booking,img[alt],Branded booking experience preview,34,,,,,UX/accessibility attribute
whitelabel.html,article #solution-panel-operations,img[alt],Supply infrastructure layer preview,35,,,,,UX/accessibility attribute
whitelabel.html,article #solution-panel-supply,div[aria-label],Payment infrastructure preview,30,,,,,UX/accessibility attribute
whitelabel.html,article #solution-panel-supply,div,AKRAPAY,7,,,,,
whitelabel.html,article #solution-panel-supply,div,"$48,210",7,,,,,
whitelabel.html,article #solution-panel-supply,span,Processed,9,,,,,
whitelabel.html,article #solution-panel-supply,div,Your Brand,10,,,,,
whitelabel.html,article #solution-panel-supply,span,Platform,8,,,,,
whitelabel.html,article #solution-panel-supply,div,Live,4,,,,,
whitelabel.html,article #solution-panel-supply,span,Status,6,,,,,
whitelabel.html,article #solution-panel-supply,div,Invoicing · Tax · Settlement,28,,,,,
whitelabel.html,section #solution-capabilities,div[aria-label],Platform architecture layers,28,,,,,UX/accessibility attribute
whitelabel.html,section #solution-capabilities,button,"Booking layer The consumer-facing experience for search, selection, and booking. Fully branded, with flights, hotels, and ground transport in one flow.",151,,,,,
whitelabel.html,section #solution-capabilities,button,"Supply layer G-Link and F-Link underneath, powering every hotel and flight search with multi-source, deduplicated, commercially ready inventory.",144,,,,,
whitelabel.html,section #solution-capabilities,button,"Operations layer Akrapay handles payment processing, invoice reconciliation, and tax recovery. FCG manages supply updates, content quality, and platform uptime. You manage the brand.",182,,,,,
whitelabel.html,section #stack-showcase - See the Whitelabel platform in context.,div,PREVIEW,7,,,,,
whitelabel.html,section #stack-showcase - See the Whitelabel platform in context.,h2,See the Whitelabel platform in context.,39,,,,,
whitelabel.html,section #stack-showcase - See the Whitelabel platform in context.,p,"Explore how the branded booking experience, supply layer, and payment infrastructure come together in a single product your customers interact with.",148,,,,,
whitelabel.html,section #stack-showcase - See the Whitelabel platform in context.,div[aria-label],Showcase highlights,19,,,,,UX/accessibility attribute
whitelabel.html,section #stack-showcase - See the Whitelabel platform in context.,span,Your brand,10,,,,,
whitelabel.html,section #stack-showcase - See the Whitelabel platform in context.,span,FCG supply,10,,,,,
whitelabel.html,section #stack-showcase - See the Whitelabel platform in context.,span,Live in weeks,13,,,,,
whitelabel.html,section #stack-showcase - See the Whitelabel platform in context.,button,Customer searches for travel,28,,,,,
whitelabel.html,section #stack-showcase - See the Whitelabel platform in context.,div,"Your customer opens the booking experience under your brand. They search flights, hotels, or ground transport in the interface they expect from a modern travel app.",164,,,,,
whitelabel.html,section #stack-showcase - See the Whitelabel platform in context.,button,G-Link and F-Link return results,32,,,,,
whitelabel.html,section #stack-showcase - See the Whitelabel platform in context.,div,"Behind the search, G-Link pulls deduplicated hotel content from GDS, bedbanks, and direct sources. F-Link returns normalized flight results from GDS, NDC, and LCC direct. Clean, bookable, commercially ready.",207,,,,,
whitelabel.html,section #stack-showcase - See the Whitelabel platform in context.,button,Booking completes under your brand,34,,,,,
whitelabel.html,section #stack-showcase - See the Whitelabel platform in context.,div,"The customer books, pays, and receives confirmation within your branded experience. Akrapay handles payment processing, invoicing, and financial reconciliation on the backend.",175,,,,,
whitelabel.html,section #stack-showcase - See the Whitelabel platform in context.,a,Get started,11,,,,,
whitelabel.html,section #stack-showcase - See the Whitelabel platform in context.,a,See what's included,19,,,,,
whitelabel.html,article #showcase-panel-booking - Customer experience,img[alt],Branded customer booking experience,35,,,,,UX/accessibility attribute
whitelabel.html,article #showcase-panel-booking - Customer experience,h3,Customer experience,19,,,,,
whitelabel.html,article #showcase-panel-booking - Customer experience,p,"Your customers search, compare, and book travel inside a fully branded interface. Flights, hotels, and ground transport with no FCG branding visible.",149,,,,,
whitelabel.html,article #showcase-panel-booking - Customer experience,strong,"Your brand, your domain",23,,,,,
whitelabel.html,article #showcase-panel-booking - Customer experience,strong,Mobile-first booking flow,25,,,,,
whitelabel.html,article #showcase-panel-operations - Supply infrastructure,img[alt],Supply infrastructure powering searches,39,,,,,UX/accessibility attribute
whitelabel.html,article #showcase-panel-operations - Supply infrastructure,h3,Supply infrastructure,21,,,,,
whitelabel.html,article #showcase-panel-operations - Supply infrastructure,p,"G-Link and F-Link power every search result. Deduplicated hotel content, normalized flight data, and commercially ready inventory from multiple sources.",152,,,,,
whitelabel.html,article #showcase-panel-operations - Supply infrastructure,strong,G-Link hotel supply,19,,,,,
whitelabel.html,article #showcase-panel-operations - Supply infrastructure,strong,F-Link flight supply,20,,,,,
whitelabel.html,article #showcase-panel-supply - Payment & operations,img[alt],Payment and operations backend,30,,,,,UX/accessibility attribute
whitelabel.html,article #showcase-panel-supply - Payment & operations,h3,Payment & operations,20,,,,,
whitelabel.html,article #showcase-panel-supply - Payment & operations,p,"Akrapay processes payments, captures invoices, and handles tax recovery. FCG maintains the platform, updates supply, and manages content quality with zero maintenance on your side.",180,,,,,
whitelabel.html,article #showcase-panel-supply - Payment & operations,strong,Akrapay financial layer,23,,,,,
whitelabel.html,article #showcase-panel-supply - Payment & operations,strong,Platform maintained by FCG,26,,,,,
whitelabel.html,section #stack-showcase - See the Whitelabel platform in context.,div[aria-label],Whitelabel platform views,25,,,,,UX/accessibility attribute
whitelabel.html,section #stack-showcase - See the Whitelabel platform in context.,button,Customer,8,,,,,
whitelabel.html,section #stack-showcase - See the Whitelabel platform in context.,button,Supply,6,,,,,
whitelabel.html,section #stack-showcase - See the Whitelabel platform in context.,button,Payments,8,,,,,
whitelabel.html,header - Turn your brand into a bookable travel product.,div,Launch Plan,11,,,,,
whitelabel.html,header - Turn your brand into a bookable travel product.,h2,Turn your brand into a bookable travel product.,47,,,,,
whitelabel.html,header - Turn your brand into a bookable travel product.,p,"Whitelabel gives fintechs, super-apps, rewards platforms, creators, and corporate card companies a faster path to travel: your customer experience on top of FCG supply, payments, analytics, growth tools, and platform operations.",228,,,,,
whitelabel.html,article .fcg-feature-row - Start with the customer journey,h3,Start with the customer journey,31,,,,,
whitelabel.html,article .fcg-feature-row - Start with the customer journey,p,"Define the branded booking flow your users need first: flights, hotels, ground transport, loyalty redemption, or a bundled travel marketplace.",142,,,,,
whitelabel.html,article .fcg-feature-row - Connect the right supply layers,h3,Connect the right supply layers,31,,,,,
whitelabel.html,article .fcg-feature-row - Connect the right supply layers,p,Use G-Link and F-Link to power hotel and flight results without building direct supplier integrations in-house.,111,,,,,
whitelabel.html,article .fcg-feature-row - Bring payments and reconciliation into scope,h3,Bring payments and reconciliation into scope,44,,,,,
whitelabel.html,article .fcg-feature-row - Bring payments and reconciliation into scope,p,"Use Akrapay where payment processing, invoice capture, tax recovery, and settlement need to sit behind the customer-facing product.",131,,,,,
whitelabel.html,"article .fcg-feature-row - Launch first, then scale markets",h3,"Launch first, then scale markets",32,,,,,
whitelabel.html,"article .fcg-feature-row - Launch first, then scale markets",p,"Go live with the first branded travel experience, then expand across new regions and customer segments without rebuilding the infrastructure.",141,,,,,
whitelabel.html,section #mobile-workflows - Turn your brand into a bookable travel product.,h3,Ready to scope a branded travel launch?,39,,,,,
whitelabel.html,section #mobile-workflows - Turn your brand into a bookable travel product.,p,"Use the sections above to align the customer experience, supply needs, payment layer, and launch path before starting a Whitelabel conversation.",144,,,,,
whitelabel.html,section #mobile-workflows - Turn your brand into a bookable travel product.,a,Explore buyer fit,17,,,,,
whitelabel.html,section #mobile-workflows - Turn your brand into a bookable travel product.,a,See platform flow,17,,,,,
advisory-implementation.html,Head metadata,title,FCG Group - Advisory & Implementation,37,,,,,
advisory-implementation.html,section #capabilities - Modernize the right part of the stack first.,a,Operate: For TMCs & Operators,29,,,,,
advisory-implementation.html,section #capabilities - Modernize the right part of the stack first.,h1,Modernize the right part of the stack first.,44,,,,,
advisory-implementation.html,section #capabilities - Modernize the right part of the stack first.,p,"FCG advisory helps TMCs choose, sequence, and deploy the right infrastructure: Atlas, phased modules, data quality, payment workflows, AI booking, reporting, or Whitelabel. Start with the highest-value gap, then expand with confidence.",235,,,,,
advisory-implementation.html,section #capabilities - Modernize the right part of the stack first.,a,Start a conversation,20,,,,,
advisory-implementation.html,section #capabilities - Modernize the right part of the stack first.,a,See engagement models,21,,,,,
advisory-implementation.html,section #capabilities - Modernize the right part of the stack first.,div[aria-label],Advisory experts across Asia Pacific and Europe,47,,,,,UX/accessibility attribute
advisory-implementation.html,section #capabilities - Modernize the right part of the stack first.,img[alt],Asia Pacific advisory consultant portrait,41,,,,,UX/accessibility attribute
advisory-implementation.html,section #capabilities - Modernize the right part of the stack first.,img[alt],European travel technology advisor portrait,43,,,,,UX/accessibility attribute
advisory-implementation.html,section #capabilities - Modernize the right part of the stack first.,img[alt],Asia Pacific operations leader portrait,39,,,,,UX/accessibility attribute
advisory-implementation.html,section #capabilities - Modernize the right part of the stack first.,img[alt],European implementation specialist portrait,43,,,,,UX/accessibility attribute
advisory-implementation.html,section #capabilities - Modernize the right part of the stack first.,img[alt],Asia Pacific client strategy advisor portrait,45,,,,,UX/accessibility attribute
advisory-implementation.html,section #capabilities - Modernize the right part of the stack first.,img[alt],European commercial advisor portrait,36,,,,,UX/accessibility attribute
advisory-implementation.html,section - Trusted by travel operators across APAC,section[aria-label],Trusted by experts,18,,,,,UX/accessibility attribute
advisory-implementation.html,section - Trusted by travel operators across APAC,h2,Trusted by travel operators across APAC,39,,,,,
advisory-implementation.html,section - Trusted by travel operators across APAC,img[alt],Turso logo,10,,,,,UX/accessibility attribute
advisory-implementation.html,section - Trusted by travel operators across APAC,img[alt],Vercel logo,11,,,,,UX/accessibility attribute
advisory-implementation.html,section - Trusted by travel operators across APAC,img[alt],GitHub logo,11,,,,,UX/accessibility attribute
advisory-implementation.html,section - Trusted by travel operators across APAC,img[alt],Claude AI logo,14,,,,,UX/accessibility attribute
advisory-implementation.html,section - Trusted by travel operators across APAC,img[alt],Clerk logo,10,,,,,UX/accessibility attribute
advisory-implementation.html,section - Trusted by travel operators across APAC,img[alt],Nvidia logo,11,,,,,UX/accessibility attribute
advisory-implementation.html,section - Trusted by travel operators across APAC,img[alt],Supabase logo,13,,,,,UX/accessibility attribute
advisory-implementation.html,section - Trusted by travel operators across APAC,img[alt],OpenAI logo,11,,,,,UX/accessibility attribute
advisory-implementation.html,section #decision-paths - Three triggers that start an advisory conversation.,div,Where TMCs Start,16,,,,,
advisory-implementation.html,section #decision-paths - Three triggers that start an advisory conversation.,h2,Three triggers that start an advisory conversation.,51,,,,,
advisory-implementation.html,article .product-card - Margin pressure,div,Path 01,7,,,,,
advisory-implementation.html,article .product-card - Margin pressure,h3,Margin pressure,15,,,,,
advisory-implementation.html,article .product-card - Margin pressure,p,"Revenue grows but profit doesn't. Operational cost per booking is too high. Manual service, payment reconciliation, supplier switching, and reporting work are eating the margin the TMC thought growth would create.",213,,,,,
advisory-implementation.html,article .product-card - Margin pressure,div,Recommended,11,,,,,
advisory-implementation.html,article .product-card - Margin pressure,div,Operational audit + Atlas phased deployment,43,,,,,
advisory-implementation.html,article .product-card - Margin pressure,p,"Map where the operation loses time and money, then deploy the modules that fix the highest-cost gaps first.",107,,,,,
advisory-implementation.html,article .product-card - Client loss or near-loss,div,Path 02,7,,,,,
advisory-implementation.html,article .product-card - Client loss or near-loss,h3,Client loss or near-loss,24,,,,,
advisory-implementation.html,article .product-card - Client loss or near-loss,p,"A corporate client leaves for a competitor with better reporting, self-service, or duty of care. Or a key prospect chooses someone else in a pitch.",147,,,,,
advisory-implementation.html,article .product-card - Client loss or near-loss,div,Recommended,11,,,,,
advisory-implementation.html,article .product-card - Client loss or near-loss,div,Competitive positioning review + capability gap analysis,56,,,,,
advisory-implementation.html,article .product-card - Client loss or near-loss,p,Identify what the TMC is missing relative to digitally-native competitors and build a plan to close the gap.,108,,,,,
advisory-implementation.html,article .product-card - Platform frustration,div,Path 03,7,,,,,
advisory-implementation.html,article .product-card - Platform frustration,h3,Platform frustration,20,,,,,
advisory-implementation.html,article .product-card - Platform frustration,p,"SAP is too expensive, too rigid, or requires too much IT overhead. The GDS terminal workflow hasn't changed in a decade.",120,,,,,
advisory-implementation.html,article .product-card - Platform frustration,div,Recommended,11,,,,,
advisory-implementation.html,article .product-card - Platform frustration,div,Stack assessment + migration planning,37,,,,,
advisory-implementation.html,article .product-card - Platform frustration,p,"Evaluate the current technology stack, identify what to keep, what to replace, and design a migration path that doesn't disrupt the business.",141,,,,,
advisory-implementation.html,"section #product-map - Four engagement types, mapped to where you are.",div,How We Engage,13,,,,,
advisory-implementation.html,"section #product-map - Four engagement types, mapped to where you are.",h2,"Four engagement types, mapped to where you are.",47,,,,,
advisory-implementation.html,"section #product-map - Four engagement types, mapped to where you are.",p,"Every TMC is at a different stage. The engagement model matches the TMC's readiness, not a one-size-fits-all playbook.",118,,,,,
advisory-implementation.html,article .product-card - Operational Audit,div,Assess,6,,,,,
advisory-implementation.html,article .product-card - Operational Audit,h3,Operational Audit,17,,,,,
advisory-implementation.html,article .product-card - Operational Audit,p,"Map current tools, workflows, pain points, supplier flows, payment handoffs, data quality, reporting, and margin structure. Identify where the operation loses time and money. Output: a clear picture of what's working, what isn't, and what to fix first.",252,,,,,
advisory-implementation.html,article .product-card - Operational Audit,li,Current-state workflow mapping,30,,,,,
advisory-implementation.html,article .product-card - Operational Audit,li,Cost-per-booking analysis,25,,,,,
advisory-implementation.html,article .product-card - Operational Audit,li,Technology gap assessment,25,,,,,
advisory-implementation.html,article .product-card - Deployment Strategy,div,Plan,4,,,,,
advisory-implementation.html,article .product-card - Deployment Strategy,h3,Deployment Strategy,19,,,,,
advisory-implementation.html,article .product-card - Deployment Strategy,p,"Design the right deployment: full Atlas, phased rollout, single module, API access, AI Mapping, Akrapay payment workflows, or Whitelabel. Match the plan to the TMC's size, market, client mix, and risk tolerance.",211,,,,,
advisory-implementation.html,article .product-card - Deployment Strategy,li,Phased vs. full deployment recommendation,41,,,,,
advisory-implementation.html,article .product-card - Deployment Strategy,li,Module sequencing by pain priority,34,,,,,
advisory-implementation.html,article .product-card - Deployment Strategy,li,Risk assessment and mitigation plan,35,,,,,
advisory-implementation.html,article .product-card - Implementation Support,div,Execute,7,,,,,
advisory-implementation.html,article .product-card - Implementation Support,h3,Implementation Support,22,,,,,
advisory-implementation.html,article .product-card - Implementation Support,p,"Hands-on support through configuration, data migration, payment setup, reporting design, agent training, and go-live. FCG works alongside the TMC team.",151,,,,,
advisory-implementation.html,article .product-card - Implementation Support,li,Configuration and data migration,32,,,,,
advisory-implementation.html,article .product-card - Implementation Support,li,Agent training and change management,36,,,,,
advisory-implementation.html,article .product-card - Implementation Support,li,Go-live support and stabilization,33,,,,,
advisory-implementation.html,article .product-card - Ongoing Advisory,div,Grow,4,,,,,
advisory-implementation.html,article .product-card - Ongoing Advisory,h3,Ongoing Advisory,16,,,,,
advisory-implementation.html,article .product-card - Ongoing Advisory,p,Post-deployment optimization. Quarterly reviews. Expansion planning. The advisory relationship continues as the TMC grows.,122,,,,,
advisory-implementation.html,article .product-card - Ongoing Advisory,li,Quarterly performance reviews,29,,,,,
advisory-implementation.html,article .product-card - Ongoing Advisory,li,Module expansion planning,25,,,,,
advisory-implementation.html,article .product-card - Ongoing Advisory,li,Client portfolio growth strategy,32,,,,,
advisory-implementation.html,header - We don't sell software to TMCs that need strategy first.,div,THE ADVISORY DIFFERENCE,23,,,,,
advisory-implementation.html,header - We don't sell software to TMCs that need strategy first.,h2,We don't sell software to TMCs that need strategy first.,56,,,,,
advisory-implementation.html,header - We don't sell software to TMCs that need strategy first.,p,"Most TMC owners know their tools are outdated. What they don't know is where to start, what to prioritize, and how to modernize booking, data, payments, reporting, and service workflows without disrupting the business they built. That's what advisory solves.",258,,,,,
advisory-implementation.html,article .fcg-marketing-feature - Independence preserved,h3,Independence preserved,22,,,,,
advisory-implementation.html,article .fcg-marketing-feature - Independence preserved,p,We do not compete with TMCs or take their clients. We modernize the infrastructure underneath while the TMC keeps everything that makes it valuable.,148,,,,,
advisory-implementation.html,article .fcg-marketing-feature - Layer-by-layer,h3,Layer-by-layer,14,,,,,
advisory-implementation.html,article .fcg-marketing-feature - Layer-by-layer,p,"Start with one module, one office, or one corporate account. The deployment expands as confidence builds.",105,,,,,
advisory-implementation.html,article .fcg-marketing-feature - 10 offices across APAC,h3,10 offices across APAC,22,,,,,
advisory-implementation.html,article .fcg-marketing-feature - 10 offices across APAC,p,"Singapore, Hong Kong, Bangkok, KL, Shenzhen, Beijing, Shanghai, Taipei, HCMC, London. FCG has people in the markets where TMCs operate.",135,,,,,
advisory-implementation.html,article #solution-panel-booking,img[alt],Two people working at laptops in office settings,48,,,,,UX/accessibility attribute
advisory-implementation.html,article #solution-panel-operations,div[aria-label],Visa card placeholder preview,29,,,,,UX/accessibility attribute
advisory-implementation.html,article #solution-panel-operations,div,VISA,4,,,,,
advisory-implementation.html,article #solution-panel-operations,div,"$2,234",6,,,,,
advisory-implementation.html,article #solution-panel-operations,span,Balance,7,,,,,
advisory-implementation.html,article #solution-panel-operations,div,Sofia Gracenia,14,,,,,
advisory-implementation.html,article #solution-panel-operations,span,Card holder,11,,,,,
advisory-implementation.html,article #solution-panel-operations,div,08/28,5,,,,,
advisory-implementation.html,article #solution-panel-operations,span,Valid thru,10,,,,,
advisory-implementation.html,article #solution-panel-operations,div,4242 **** **** 2255,19,,,,,
advisory-implementation.html,article #solution-panel-supply,img[alt],Supply and content solution preview,35,,,,,UX/accessibility attribute
advisory-implementation.html,section #solution-capabilities,div[aria-label],Engagement process choices,26,,,,,UX/accessibility attribute
advisory-implementation.html,section #solution-capabilities,button,"Understand the current state. Map workflows, tools, supplier connections, payment handoffs, data quality, margin structure, and client requirements. Identify the gaps between where the TMC is and where it needs to be.",217,,,,,
advisory-implementation.html,section #solution-capabilities,button,"Build the deployment plan. Match the right FCG modules to the TMC's specific pain points across booking, data, payments, AI workflows, reporting, and operations. Sequence the rollout by priority. Set success criteria.",217,,,,,
advisory-implementation.html,section #solution-capabilities,button,"Deploy with support. Configuration, migration, training, go-live. FCG's advisory team works alongside the TMC's team through every phase.",137,,,,,
advisory-implementation.html,section #stack-showcase - From first conversation to operational lift.,div,ENGAGEMENT,10,,,,,
advisory-implementation.html,section #stack-showcase - From first conversation to operational lift.,h2,From first conversation to operational lift.,44,,,,,
advisory-implementation.html,section #stack-showcase - From first conversation to operational lift.,p,"Every TMC engagement starts with a conversation about what works, what does not, and what matters most. The advisory team maps the path from there.",147,,,,,
advisory-implementation.html,section #stack-showcase - From first conversation to operational lift.,div[aria-label],Engagement highlights,21,,,,,UX/accessibility attribute
advisory-implementation.html,section #stack-showcase - From first conversation to operational lift.,span,3-6 month cycle,15,,,,,
advisory-implementation.html,section #stack-showcase - From first conversation to operational lift.,span,2-3 stakeholders,16,,,,,
advisory-implementation.html,section #stack-showcase - From first conversation to operational lift.,span,Phased deployment,17,,,,,
advisory-implementation.html,section #stack-showcase - From first conversation to operational lift.,button,Discovery call,14,,,,,
advisory-implementation.html,section #stack-showcase - From first conversation to operational lift.,div,"Understand the TMC's business, pain points, client mix, and growth plans.",73,,,,,
advisory-implementation.html,section #stack-showcase - From first conversation to operational lift.,button,Operational audit,17,,,,,
advisory-implementation.html,section #stack-showcase - From first conversation to operational lift.,div,"Map current workflows, tools, costs, and gaps. Output: a clear picture and a recommended starting point.",104,,,,,
advisory-implementation.html,section #stack-showcase - From first conversation to operational lift.,button,Deployment plan,15,,,,,
advisory-implementation.html,section #stack-showcase - From first conversation to operational lift.,div,"Design the rollout. Module selection, sequencing, timeline, success metrics.",76,,,,,
advisory-implementation.html,section #stack-showcase - From first conversation to operational lift.,button,Implementation,14,,,,,
advisory-implementation.html,section #stack-showcase - From first conversation to operational lift.,div,"Configuration, migration, training, go-live. FCG works alongside, not instead of.",81,,,,,
advisory-implementation.html,section #stack-showcase - From first conversation to operational lift.,a,Start a conversation,20,,,,,
advisory-implementation.html,section #stack-showcase - From first conversation to operational lift.,a,View engagement details,23,,,,,
advisory-implementation.html,article #showcase-panel-booking - Discovery,img[alt],Discovery engagement preview,28,,,,,UX/accessibility attribute
advisory-implementation.html,article #showcase-panel-booking - Discovery,h3,Discovery,9,,,,,
advisory-implementation.html,article #showcase-panel-booking - Discovery,p,"Understand the TMC's business model, pain points, client portfolio, competitive position, and growth ambitions before recommending anything.",140,,,,,
advisory-implementation.html,article #showcase-panel-booking - Discovery,strong,Business and pain point mapping,31,,,,,
advisory-implementation.html,article #showcase-panel-booking - Discovery,strong,Stakeholder alignment,21,,,,,
advisory-implementation.html,article #showcase-panel-operations - Audit,img[alt],Operational audit preview,25,,,,,UX/accessibility attribute
advisory-implementation.html,article #showcase-panel-operations - Audit,h3,Audit,5,,,,,
advisory-implementation.html,article #showcase-panel-operations - Audit,p,"Map current workflows, tools, costs per booking, and technology gaps. Deliver a clear picture of what's working and what needs to change.",137,,,,,
advisory-implementation.html,article #showcase-panel-operations - Audit,strong,Workflow and cost analysis,26,,,,,
advisory-implementation.html,article #showcase-panel-operations - Audit,strong,Gap identification and priority ranking,39,,,,,
advisory-implementation.html,article #showcase-panel-supply - Deployment,img[alt],Deployment planning preview,27,,,,,UX/accessibility attribute
advisory-implementation.html,article #showcase-panel-supply - Deployment,h3,Deployment,10,,,,,
advisory-implementation.html,article #showcase-panel-supply - Deployment,p,"Design the rollout plan: which modules, in what order, with what success metrics. Match the deployment to the TMC's risk tolerance and pace.",140,,,,,
advisory-implementation.html,article #showcase-panel-supply - Deployment,strong,Module selection and sequencing,31,,,,,
advisory-implementation.html,article #showcase-panel-supply - Deployment,strong,Timeline and success criteria,29,,,,,
advisory-implementation.html,section #stack-showcase - From first conversation to operational lift.,div[aria-label],Engagement phase views,22,,,,,UX/accessibility attribute
advisory-implementation.html,section #stack-showcase - From first conversation to operational lift.,button,Discovery,9,,,,,
advisory-implementation.html,section #stack-showcase - From first conversation to operational lift.,button,Audit,5,,,,,
advisory-implementation.html,section #stack-showcase - From first conversation to operational lift.,button,Deployment,10,,,,,
advisory-implementation.html,header - One conversation. The right starting point.,div,START HERE,10,,,,,
advisory-implementation.html,header - One conversation. The right starting point.,h2,One conversation. The right starting point.,43,,,,,
advisory-implementation.html,header - One conversation. The right starting point.,p,"Whether you're a 10-agent independent TMC or a 100-agent regional network, the advisory engagement starts with the team that built the infrastructure.",150,,,,,
advisory-implementation.html,article .fcg-feature-row - No rip-and-replace,h3,No rip-and-replace,18,,,,,
advisory-implementation.html,article .fcg-feature-row - No rip-and-replace,p,"Layer in, don't rip out. Start with one module, one office, one corporate account. Expand as confidence builds.",111,,,,,
advisory-implementation.html,article .fcg-feature-row - No forced migration,h3,No forced migration,19,,,,,
advisory-implementation.html,article .fcg-feature-row - No forced migration,p,Advisory designs the path. The TMC decides the pace. No all-or-nothing commitment.,82,,,,,
advisory-implementation.html,article .fcg-feature-row - Independence first,h3,Independence first,18,,,,,
advisory-implementation.html,article .fcg-feature-row - Independence first,p,FCG doesn't compete with TMCs. The brand stays. The clients stay. The relationships stay.,89,,,,,
advisory-implementation.html,article .fcg-feature-row - Regional presence,h3,Regional presence,17,,,,,
advisory-implementation.html,article .fcg-feature-row - Regional presence,p,10 offices across APAC and London. Advisory isn't remote-only. FCG has people where TMCs operate.,97,,,,,
advisory-implementation.html,section #mobile-workflows - One conversation. The right starting point.,h3,Ready to start?,15,,,,,
advisory-implementation.html,section #mobile-workflows - One conversation. The right starting point.,p,The best engagements begin with one honest conversation about what's working and what isn't.,92,,,,,
advisory-implementation.html,section #mobile-workflows - One conversation. The right starting point.,a,Book a discovery call,21,,,,,
advisory-implementation.html,section #mobile-workflows - One conversation. The right starting point.,a,View engagement models,22,,,,,
index-variation-1.html,Head metadata,title,FCG Group - Travel Infrastructure,33,,,,,
index-variation-1.html,section - Connect to the supply infrastructure behind travel.,div,FCG Group,9,,,,,
index-variation-1.html,section - Connect to the supply infrastructure behind travel.,h1,Connect to the supply infrastructure behind travel.,51,,,,,
index-variation-1.html,section - Connect to the supply infrastructure behind travel.,p,"1M+ hotel properties. Every major airline. One connection to all of it. G-Link and F-Link are the inventory and content layer that powers every booking — whether you're building a travel product, running a TMC, or managing a corporate travel program.",250,,,,,
index-variation-1.html,section - Connect to the supply infrastructure behind travel.,button,Get connected,13,,,,,
index-variation-1.html,section - Connect to the supply infrastructure behind travel.,span,NETWORK ACTIVE,14,,,,,
index-variation-1.html,section - Connect to the supply infrastructure behind travel.,span,PROPERTIES: 1M+,15,,,,,
index-variation-1.html,section - Connect to the supply infrastructure behind travel.,span,PARTNERS: 300+,14,,,,,
index-variation-1.html,Navigation (shared),li,Products For builders & platforms Connect API Access Connect to G-Link and F-Link directly AI Booking Integration Connect AI to live inventory Whitelabel Connect through a ready-made platform For TMCs & operators Operate Atlas (TMC OS) Connect every operational surface into one hub Agent Booking Tool Connect agents to every supplier in one search Advisory & Implementation Connect to the right part of the stack For corporates & travel programs Experience Corporate Booking Tool Connect travelers to a modern booking experience AgreeEase (RFP & Rates) Connect negotiated rates directly into supply AI Mapping Connect clean data back into the supply layer,656,,,,,Shared sitewide copy; duplicate appearances omitted from later pages.
index-variation-1.html,Navigation (shared),li,"Solutions G-Link · Hotel Supply 1M+ properties connected GDS, bedbanks, and direct sources in one feed Deduplicated content Property-level and room-level resolution F-Link · Flight Supply GDS + NDC + LCC direct Every source in one standardized feed Full commercial control Fare normalization, ancillaries, PNR reconciliation",324,,,,,Shared sitewide copy; duplicate appearances omitted from later pages.
index-variation-1.html,Body copy,span,CONNECTED ACROSS EVERY MARKET THAT MATTERS,42,,,,,
index-variation-1.html,Body copy,span,SINGAPORE,9,,,,,
index-variation-1.html,Body copy,span,HONG KONG,9,,,,,
index-variation-1.html,Body copy,span,SHENZHEN,8,,,,,
index-variation-1.html,Body copy,span,BEIJING,7,,,,,
index-variation-1.html,Body copy,span,SHANGHAI,8,,,,,
index-variation-1.html,Body copy,span,TAIPEI,6,,,,,
index-variation-1.html,Body copy,span,KUALA LUMPUR,12,,,,,
index-variation-1.html,Body copy,span,BANGKOK,7,,,,,
index-variation-1.html,Body copy,span,HO CHI MINH,11,,,,,
index-variation-1.html,Body copy,span,LONDON,6,,,,,
index-variation-1.html,section #capabilities - The Core,h2,The Core,8,,,,,
index-variation-1.html,section #capabilities - The Core,span,G-LINK_F-LINK,13,,,,,
index-variation-1.html,section #capabilities - The Core,div,Multi-Source Aggregation,24,,,,,
index-variation-1.html,section #capabilities - The Core,div,Properties,10,,,,,
index-variation-1.html,section #capabilities - The Core,div,1M+ CONNECTED,13,,,,,
index-variation-1.html,section #capabilities - The Core,div,SV_01,5,,,,,
index-variation-1.html,section #capabilities - The Core,h3,G-Link — Hotel Supply,21,,,,,
index-variation-1.html,section #capabilities - The Core,p,"The hardest problem in travel tech isn't booking — it's content. G-Link connects to GDS, bedbanks, and direct sources, then resolves everything into one clean, deduplicated, bookable feed. One API. One connection to every hotel.",228,,,,,
index-variation-1.html,section #capabilities - The Core,span,Active,6,,,,,
index-variation-1.html,section #capabilities - The Core,div,Fare Normalization,18,,,,,
index-variation-1.html,section #capabilities - The Core,div,Sources,7,,,,,
index-variation-1.html,section #capabilities - The Core,div,GDS + NDC + LCC,15,,,,,
index-variation-1.html,section #capabilities - The Core,div,SV_02,5,,,,,
index-variation-1.html,section #capabilities - The Core,h3,F-Link — Flight Supply,22,,,,,
index-variation-1.html,section #capabilities - The Core,p,"NDC changed distribution. LCCs went direct. GDS content alone isn't enough anymore. F-Link connects GDS, NDC, and LCC direct into one standardized feed. Fare-family normalization. Ancillary management. Full commercial control.",226,,,,,
index-variation-1.html,section #capabilities - The Core,span,> compile_shaders(),19,,,,,
index-variation-1.html,section #capabilities - The Core,span,> init_webgl_ctx(),18,,,,,
index-variation-1.html,section #capabilities - The Core,span,> OK,4,,,,,
index-variation-1.html,section #capabilities - The Core,div,Product Stack,13,,,,,
index-variation-1.html,section #capabilities - The Core,div,3 FAMILIES,10,,,,,
index-variation-1.html,section #capabilities - The Core,div,Architecture,12,,,,,
index-variation-1.html,section #capabilities - The Core,div,MODULAR,7,,,,,
index-variation-1.html,section #capabilities - The Core,div,SV_03,5,,,,,
index-variation-1.html,section #capabilities - The Core,h3,Connect · Operate · Experience,30,,,,,
index-variation-1.html,section #capabilities - The Core,p,"Three product families. Each one built for a different type of travel company — whether you're building a product, running operations, or managing a travel program. Every tool connects back to G-Link and F-Link.",211,,,,,
index-variation-1.html,section #capabilities - The Core,span,Processing,10,,,,,
index-variation-1.html,section - The Connection at a Glance,h2,The Connection at a Glance,26,,,,,
index-variation-1.html,section - The Connection at a Glance,p,"300+ travel brands , TMCs, and hotel groups already connected. Real-time inventory, commercial-ready supply, and infrastructure that scales.",140,,,,,
index-variation-1.html,section - The Connection at a Glance,span,Live Network,12,,,,,
index-variation-1.html,section - The Connection at a Glance,h3,Connected Volume,16,,,,,
index-variation-1.html,section - The Connection at a Glance,div,FLOWING THROUGH,15,,,,,
index-variation-1.html,section - The Connection at a Glance,div,$500M+,6,,,,,
index-variation-1.html,section - The Connection at a Glance,div,PARTNERS,8,,,,,
index-variation-1.html,section - The Connection at a Glance,div,300+,4,,,,,
index-variation-1.html,section - The Connection at a Glance,div,IN-HOUSE,8,,,,,
index-variation-1.html,section - The Connection at a Glance,div,L3,2,,,,,
index-variation-1.html,section - The Connection at a Glance,div,L2,2,,,,,
index-variation-1.html,section - The Connection at a Glance,div,L1,2,,,,,
index-variation-1.html,section - The Connection at a Glance,h3,Supply Layer,12,,,,,
index-variation-1.html,section - The Connection at a Glance,span,G-LINK_HOTEL,12,,,,,
index-variation-1.html,section - The Connection at a Glance,span,OK,2,,,,,
index-variation-1.html,section - The Connection at a Glance,span,F-LINK_FLIGHT,13,,,,,
index-variation-1.html,section - The Connection at a Glance,div,99.99,5,,,,,
index-variation-1.html,section - The Connection at a Glance,h3,Network Uptime,14,,,,,
index-variation-1.html,section - The Connection at a Glance,h3,Live Rates,10,,,,,
index-variation-1.html,section - The Connection at a Glance,h3,Connected Across Every Market That Matters,42,,,,,
index-variation-1.html,section - The Connection at a Glance,p,Asia-native. Globally connected. 10 offices across Asia-Pacific and London.,75,,,,,
index-variation-1.html,section - The Connection at a Glance,div,10,2,,,,,
index-variation-1.html,section - The Connection at a Glance,div,Offices,7,,,,,
index-variation-1.html,section - The Connection at a Glance,div,300,3,,,,,
index-variation-1.html,section - The Connection at a Glance,div,Partners Connected,18,,,,,
index-variation-1.html,Body copy,span,The Stack,9,,,,,
index-variation-1.html,Body copy,span,01,2,,,,,
index-variation-1.html,Body copy,h3,Corporate Booking Tool,22,,,,,
index-variation-1.html,Body copy,p,"Connect travelers to a modern booking experience. Mobile-first. Self-service. Policy enforced at booking, not at expense report. The adoption problem isn't traveler resistance — it's that the current tool is bad.",212,,,,,
index-variation-1.html,Body copy,span,Family,6,,,,,
index-variation-1.html,Body copy,span,EXPERIENCE,10,,,,,
index-variation-1.html,Body copy,span,02,2,,,,,
index-variation-1.html,Body copy,h3,Agent Booking Tool,18,,,,,
index-variation-1.html,Body copy,p,"Connect agents to every supplier in one search. The professional cockpit — flights, hotels, rail, ground. Every source through G-Link and F-Link. Negotiated rates surface at point of booking , not in a spreadsheet nobody opens.",227,,,,,
index-variation-1.html,Body copy,span,OPERATE,7,,,,,
index-variation-1.html,Body copy,span,03,2,,,,,
index-variation-1.html,Body copy,h3,Atlas — TMC Operating System,28,,,,,
index-variation-1.html,Body copy,p,"Connect every operational surface into one hub. Clients, queues, ticketing, duty of care, reporting — all connected. No more toggling between screens. No more tribal knowledge that only veteran agents carry.",207,,,,,
index-variation-1.html,Body copy,span,04,2,,,,,
index-variation-1.html,Body copy,h3,G-Link — Connect to Hotel Supply,32,,,,,
index-variation-1.html,Body copy,p,"Duplicate properties. Mismatched room types. Stale rates from six different sources. G-Link resolves all of it into one clean, deduplicated, bookable feed. Property-level and room-level deduplication. Negotiated-rate layering per client.",237,,,,,
index-variation-1.html,Body copy,span,Layer,5,,,,,
index-variation-1.html,Body copy,span,SUPPLY / HOTEL,14,,,,,
index-variation-1.html,Body copy,span,05,2,,,,,
index-variation-1.html,Body copy,h3,F-Link — Connect to Flight Supply,33,,,,,
index-variation-1.html,Body copy,p,NDC changed distribution. LCCs went direct. GDS content alone isn't enough anymore. F-Link connects it all into one standardized feed. Fare-family normalization. Ancillary management. PNR reconciliation. Policy-aware filtering at the supply layer.,247,,,,,
index-variation-1.html,Body copy,span,SUPPLY / FLIGHT,15,,,,,
index-variation-1.html,section - Open connections vs. closed platforms.,div,Connected Network,17,,,,,
index-variation-1.html,section - Open connections vs. closed platforms.,h2,Open connections vs. closed platforms.,38,,,,,
index-variation-1.html,section - Open connections vs. closed platforms.,p,No rip-and-replace. No all-or-nothing platform fee. Connect to one piece or the whole stack. The inventory is the constant — the connection is flexible.,152,,,,,
index-variation-1.html,section - Open connections vs. closed platforms.,span,99.9%,5,,,,,
index-variation-1.html,header - The inventory that everything connects to.,div,300+ Partners Connected,23,,,,,
index-variation-1.html,header - The inventory that everything connects to.,h1,The inventory that everything connects to.,42,,,,,
index-variation-1.html,header - The inventory that everything connects to.,p,"G-Link and F-Link are the inventory and content layer that powers every booking — whether you're building a product, running a TMC, or managing a corporate travel program.",171,,,,,
index-variation-1.html,main - The inventory that everything connects to.,h3,G-Link & F-Link,15,,,,,
index-variation-1.html,main - The inventory that everything connects to.,p,One connection to 1M+ hotel properties and every major airline . The supply layer everything connects to.,105,,,,,
index-variation-1.html,main - The inventory that everything connects to.,h3,Deduplicated Content,20,,,,,
index-variation-1.html,main - The inventory that everything connects to.,p,Property-level and room-level deduplication. Clean content. Accurate rates. Not three listings for the same hotel.,114,,,,,
index-variation-1.html,main - The inventory that everything connects to.,h3,Commercially Connected,22,,,,,
index-variation-1.html,main - The inventory that everything connects to.,p,Negotiated rates layered per client. Markup and remit logic built into the supply layer. Rates flow from negotiation to booking automatically.,142,,,,,
index-variation-1.html,main - The inventory that everything connects to.,span,Active,6,,,,,
index-variation-1.html,main - The inventory that everything connects to.,h3,Connect,7,,,,,
index-variation-1.html,main - The inventory that everything connects to.,p,"API, AI Booking, Whitelabel. For builders & platforms.",54,,,,,
index-variation-1.html,main - The inventory that everything connects to.,span,Coverage,8,,,,,
index-variation-1.html,main - The inventory that everything connects to.,span,99.9%,5,,,,,
index-variation-1.html,main - The inventory that everything connects to.,h3,Operate,7,,,,,
index-variation-1.html,main - The inventory that everything connects to.,p,"Atlas, Agent Booking, Advisory. For TMCs & operators.",53,,,,,
index-variation-1.html,main - The inventory that everything connects to.,span,Live,4,,,,,
index-variation-1.html,main - The inventory that everything connects to.,h3,Experience,10,,,,,
index-variation-1.html,main - The inventory that everything connects to.,p,"Corporate Booking, AgreeEase, AI Mapping. For corporates.",57,,,,,
index-variation-1.html,main - The inventory that everything connects to.,span,Latency,7,,,,,
index-variation-1.html,main - The inventory that everything connects to.,span,12,2,,,,,
index-variation-1.html,main - The inventory that everything connects to.,span,ms,2,,,,,
index-variation-1.html,Footer (shared),a,G-Link,6,,,,,Shared sitewide copy; duplicate appearances omitted from later pages.
index-variation-1.html,Footer (shared),a,F-Link,6,,,,,Shared sitewide copy; duplicate appearances omitted from later pages.
index-variation-1.html,Footer (shared),a,Careers,7,,,,,Shared sitewide copy; duplicate appearances omitted from later pages.
index-variation-1.html,Footer (shared),a,Press,5,,,,,Shared sitewide copy; duplicate appearances omitted from later pages.
index-variation-1.html,Footer (shared),a,LinkedIn,8,,,,,Shared sitewide copy; duplicate appearances omitted from later pages.
